Ho,Name:,He,,Age:
Ho,Name:,PC,,Age:
Ho,Name:,HC,,Age:
Ho,Name:,PSC,,Age:
Ho,Name:,PC,,Age:
Ho,Name:,PC,,Age:
Ho,Name:,PSC,,Age:
Ho,Name:,HC,,Age:
Ho,Name:,ERR,,Age:
Ho,Name:,PSC,,Age:
Ho,Name:,HC,,Age:
Ho,Name:,HC,,Age:
Ho,Name:,PC,,Age:
Ho,Name:,PC,,Age:
Ho,Name:,PC,,Age:
Ho,Name:,PC,,Age:
Ho,Name:,PSC,,Age:
Ho,Name:,HC,,Age:
Ho,Name:,PSC,,Age:
Ho,Name:,PSC,,Age:
Ho,Name:,PC,,Age:
Ho,Name:,HC,,Age:
Ho,Name:,PC,,Age:
Ho,Name:,HC,,Age:
Ho,Name:,PSC,,Age:
Ho,Name:,PC,,Age:
Ho,Name:,PC,,Age:
Ho,Name:,PC,,Age:
Ho,Name:,He,,Age:
Ho,Name:,PC,,Age:
Ho,Name:,HC,,Age:
Ho,Name:,PSC,,Age:
Ho,Name:,PC,,Age:
Ho,Name:,PC,,Age:
Ho,Name:,PSC,,Age:
Ho,Name:,HC,,Age:
Ho,Name:,ERR,,Age:
Ho,Name:,PSC,,Age:
Ho,Name:,HC,,Age:
Ho,Name:,HC,,Age:
Ho,Name:,PC,,Age:
Ho,Name:,PC,,Age:
Ho,Name:,PC,,Age:
Ho,Name:,PC,,Age:
Ho,Name:,PSC,,Age:
Ho,Name:,HC,,Age:
Ho,Name:,PSC,,Age:
Ho,Name:,PSC,,Age:
Ho,Name:,PC,,Age:
Ho,Name:,HC,,Age:
Ho,Name:,PC,,Age:
Ho,Name:,HC,,Age:
Ho,Name:,PSC,,Age:
Ho,Name:,PC,,Age:
Ho,Name:,PC,,Age:
Ho,Name:,PC,,Age:
Ho,Name:,Ho,,Age:
Ho,Name:,Ho,,Age:
Ho,Name:,Ho,,Age:
Ho,Name:,Ho,,Age:
Ho,Name:,Ho,,Age:
Ho,Name:,Ho,,Age:
Ho,Name:,Ho,,Age:
Ho,Name:,Ho,,Age:
Ho,Name:,Ho,,Age:
Ho,Name:,Ho,,Age:
Ho,Name:,Ho,,Age:
Ho,Name:,Ho,,Age:
Ho,Name:,Ho,,Age:
Ho,Name:,Ho,,Age:
Ho,Name:,Ho,,Age:
Ho,Name:,Ho,,Age:
Ho,Name:,Ho,,Age:
Ho,Name:,Ho,,Age:
Ho,Name:,Ho,,Age:
Ho,Name:,Ho,,Age:
Ho,Name:,Ho,,Age:
Ho,Name:,Ho,,Age:
Ho,Name:,Ho,,Age:
Ho,Name:,Ho,,Age:
Ho,Name:,Ho,,Age:
Ho,Name:,Ho,,Age:
Ho,Name:,Ho,,Age:
Ho,Name:,Ho,,Age:
Ho,Name:,He,,Age:
Ho,Name:,PC,,Age:
Ho,Name:,HC,,Age:
Ho,Name:,PSC,,Age:
Ho,Name:,PC,,Age:
Ho,Name:,PC,,Age:
Ho,Name:,PSC,,Age:
Ho,Name:,HC,,Age:
Ho,Name:,ERR,,Age:
Ho,Name:,PSC,,Age:
Ho,Name:,HC,,Age:
Ho,Name:,HC,,Age:
Ho,Name:,PC,,Age:
Ho,Name:,PC,,Age:
Ho,Name:,PC,,Age:
Ho,Name:,PC,,Age:
Ho,Name:,PSC,,Age:
Ho,Name:,HC,,Age:
Ho,Name:,PSC,,Age:
Ho,Name:,PSC,,Age:
Ho,Name:,PC,,Age:
Ho,Name:,HC,,Age:
Ho,Name:,PC,,Age:
Ho,Name:,HC,,Age:
Ho,Name:,PSC,,Age:
Ho,Name:,PC,,Age:
Ho,Name:,PC,,Age:
Ho,Name:,PC,,Age:
Ho,Name:,Ho,,Age:
Ho,Name:,Ho,,Age:
Ho,Name:,Ho,,Age:
Ho,Name:,Ho,,Age:
Ho,Name:,Ho,,Age:
Ho,Name:,Ho,,Age:
Ho,Name:,Ho,,Age:
Ho,Name:,Ho,,Age:
Ho,Name:,Ho,,Age:
Ho,Name:,Ho,,Age:
Ho,Name:,Ho,,Age:
Ho,Name:,Ho,,Age:
Ho,Name:,Ho,,Age:
Ho,Name:,Ho,,Age:
Ho,Name:,Ho,,Age:
Ho,Name:,Ho,,Age:
Ho,Name:,Ho,,Age:
Ho,Name:,Ho,,Age:
Ho,Name:,Ho,,Age:
Ho,Name:,Ho,,Age:
Ho,Name:,Ho,,Age:
Ho,Name:,Ho,,Age:
Ho,Name:,Ho,,Age:
Ho,Name:,Ho,,Age:
Ho,Name:,Ho,,Age:
Ho,Name:,Ho,,Age:
Ho,Name:,Ho,,Age:
Ho,Name:,Ho,,Age:
Ho,Name:,Ho,,Age:
Ho,Name:,Ho,,Age:
Ho,Name:,Ho,,Age:
Ho,Name:,Ho,,Age:
Ho,Name:,Ho,,Age:
Ho,Name:,Ho,,Age:
Ho,Name:,Ho,,Age:
Ho,Name:,Ho,,Age:
Ho,Name:,Ho,,Age:
Ho,Name:,Ho,,Age:
Ho,Name:,Ho,,Age:
Ho,Name:,Ho,,Age:
Ho,Name:,Ho,,Age:
Ho,Name:,Ho,,Age:
Ho,Name:,Ho,,Age:
Ho,Name:,Ho,,Age:
Ho,Name:,Ho,,Age:
Ho,Name:,Ho,,Age:
Ho,Name:,Ho,,Age:
Ho,Name:,Ho,,Age:
Ho,Name:,Ho,,Age:
Ho,Name:,Ho,,Age:
Ho,Name:,Ho,,Age:
Ho,Name:,Ho,,Age:
Ho,Name:,Ho,,Age:
Ho,Name:,Ho,,Age:
Ho,Name:,Ho,,Age:
Ho,Name:,Ho,,Age:
Ho,Name:,Ho,,Age:
Ho,Name:,Ho,,Age:
Ho,Name:,Ho,,Age:
Ho,Name:,Ho,,Age:
Ho,Name:,Ho,,Age:
Ho,Name:,Ho,,Age:
Ho,Name:,Ho,,Age:
Ho,Name:,Ho,,Age:
Ho,Name:,Ho,,Age:
Ho,Name:,Ho,,Age:
Ho,Name:,Ho,,Age:
Ho,Name:,Ho,,Age:
Ho,Name:,Ho,,Age:
Ho,Name:,Ho,,Age:
Ho,Name:,Ho,,Age:
Ho,Name:,Ho,,Age:
Ho,Name:,Ho,,Age:
Ho,Name:,Ho,,Age:
Ho,Name:,Ho,,Age:
Ho,Name:,Ho,,Age:
Ho,Name:,Ho,,Age:
Ho,Name:,Ho,,Age:
Ho,Name:,Ho,,Age:
Ho,Name:,Ho,,Age:
Ho,Name:,Ho,,Age:
Ho,Name:,Ho,,Age:
Ho,Name:,Ho,,Age:
Ho,Name:,Ho,,Age:
Ho,Name:,He,,Age:
Ho,Name:,PC,,Age:
Ho,Name:,HC,,Age:
Ho,Name:,PSC,,Age:
Ho,Name:,PC,,Age:
Ho,Name:,PC,,Age:
Ho,Name:,PSC,,Age:
Ho,Name:,HC,,Age:
Ho,Name:,ERR,,Age:
Ho,Name:,PSC,,Age:
Ho,Name:,HC,,Age:
Ho,Name:,HC,,Age:
Ho,Name:,PC,,Age:
Ho,Name:,PC,,Age:
Ho,Name:,PC,,Age:
Ho,Name:,PC,,Age:
Ho,Name:,PSC,,Age:
Ho,Name:,HC,,Age:
Ho,Name:,PSC,,Age:
Ho,Name:,PSC,,Age:
Ho,Name:,PC,,Age:
Ho,Name:,HC,,Age:
Ho,Name:,PC,,Age:
Ho,Name:,HC,,Age:
Ho,Name:,PSC,,Age:
Ho,Name:,PC,,Age:
Ho,Name:,PC,,Age:
Ho,Name:,PC,,Age:
Ho,Name:,Ho,,Age:
Ho,Name:,Ho,,Age:
Ho,Name:,Ho,,Age:
Ho,Name:,Ho,,Age:
Ho,Name:,Ho,,Age:
Ho,Name:,Ho,,Age:
Ho,Name:,Ho,,Age:
Ho,Name:,Ho,,Age:
Ho,Name:,Ho,,Age:
Ho,Name:,Ho,,Age:
Ho,Name:,Ho,,Age:
Ho,Name:,Ho,,Age:
Ho,Name:,Ho,,Age:
Ho,Name:,Ho,,Age:
Ho,Name:,Ho,,Age:
Ho,Name:,Ho,,Age:
Ho,Name:,Ho,,Age:
Ho,Name:,Ho,,Age:
Ho,Name:,Ho,,Age:
Ho,Name:,Ho,,Age:
Ho,Name:,Ho,,Age:
Ho,Name:,Ho,,Age:
Ho,Name:,Ho,,Age:
Ho,Name:,Ho,,Age:
Ho,Name:,Ho,,Age:
Ho,Name:,Ho,,Age:
Ho,Name:,Ho,,Age:
Ho,Name:,Ho,,Age:
Ho,Name:,Ho,,Age:
Ho,Name:,Ho,,Age:
Ho,Name:,Ho,,Age:
Ho,Name:,Ho,,Age:
Ho,Name:,Ho,,Age:
Ho,Name:,Ho,,Age:
Ho,Name:,Ho,,Age:
Ho,Name:,Ho,,Age:
Ho,Name:,Ho,,Age:
Ho,Name:,Ho,,Age:
Ho,Name:,Ho,,Age:
Ho,Name:,Ho,,Age:
Ho,Name:,Ho,,Age:
Ho,Name:,Ho,,Age:
Ho,Name:,Ho,,Age:
Ho,Name:,Ho,,Age:
Ho,Name:,Ho,,Age:
Ho,Name:,Ho,,Age:
Ho,Name:,Ho,,Age:
Ho,Name:,Ho,,Age:
Ho,Name:,Ho,,Age:
Ho,Name:,Ho,,Age:
Ho,Name:,Ho,,Age:
Ho,Name:,Ho,,Age:
Ho,Name:,Ho,,Age:
Ho,Name:,Ho,,Age:
Ho,Name:,Ho,,Age:
Ho,Name:,Ho,,Age:
Ho,Name:,Ho,,Age:
Ho,Name:,Ho,,Age:
Ho,Name:,Ho,,Age:
Ho,Name:,Ho,,Age:
Ho,Name:,Ho,,Age:
Ho,Name:,Ho,,Age:
Ho,Name:,Ho,,Age:
Ho,Name:,Ho,,Age:
Ho,Name:,Ho,,Age:
Ho,Name:,Ho,,Age:
Ho,Name:,Ho,,Age:
Ho,Name:,Ho,,Age:
Ho,Name:,Ho,,Age:
Ho,Name:,Ho,,Age:
Ho,Name:,Ho,,Age:
Ho,Name:,Ho,,Age:
Ho,Name:,Ho,,Age:
Ho,Name:,Ho,,Age:
Ho,Name:,Ho,,Age:
Ho,Name:,Ho,,Age:
Ho,Name:,Ho,,Age:
Ho,Name:,Ho,,Age:
Ho,Name:,Ho,,Age:
Ho,Name:,Ho,,Age:
Ho,Name:,Ho,,Age:
Ho,Name:,Ho,,Age:
Ho,Name:,Ho,,Age:
Ho,Name:,Ho,,Age:
Ho,Name:,Ho,,Age:
Ho,Name:,Ho,,Age:
Ho,Name:,Ho,,Age:
Ho,Name:,Ho,,Age:
Ho,Name:,Ho,,Age:
Ho,Name:,Ho,,Age:
Ho,Name:,Ho,,Age:
Ho,Name:,Ho,,Age:
Ho,Name:,Ho,,Age:
Ho,Name:,Ho,,Age:
Ho,Name:,Ho,,Age:
Ho,Name:,Ho,,Age:
Ho,Name:,Ho,,Age:
Ho,Name:,Ho,,Age:
Ho,Name:,Ho,,Age:
Ho,Name:,Ho,,Age:
Ho,Name:,Ho,,Age:
Ho,Name:,Ho,,Age:
Ho,Name:,Ho,,Age:
Ho,Name:,Ho,,Age:
Ho,Name:,Ho,,Age:
Ho,Name:,Ho,,Age:
Ho,Name:,Ho,,Age:
Ho,Name:,Ho,,Age:
Ho,Name:,Ho,,Age:
Ho,Name:,Ho,,Age:
Ho,Name:,Ho,,Age:
Ho,Name:,Ho,,Age:
Ho,Name:,Ho,,Age:
Ho,Name:,Ho,,Age:
Ho,Name:,Ho,,Age:
Ho,Name:,Ho,,Age:
Ho,Name:,Ho,,Age:
Ho,Name:,Ho,,Age:
Ho,Name:,Ho,,Age:
Ho,Name:,Ho,,Age:
Ho,Name:,Ho,,Age:
Ho,Name:,Ho,,Age:
Ho,Name:,Ho,,Age:
Ho,Name:,Ho,,Age:
Ho,Name:,Ho,,Age:
Ho,Name:,Ho,,Age:
Ho,Name:,Ho,,Age:
Ho,Name:,Ho,,Age:
Ho,Name:,Ho,,Age:
Ho,Name:,Ho,,Age:
Ho,Name:,Ho,,Age:
Ho,Name:,Ho,,Age:
Ho,Name:,Ho,,Age:
Ho,Name:,Ho,,Age:
Ho,Name:,Ho,,Age:
Ho,Name:,Ho,,Age:
Ho,Name:,Ho,,Age:
Ho,Name:,Ho,,Age:
Ho,Name:,Ho,,Age:
Ho,Name:,Ho,,Age:
Ho,Name:,Ho,,Age:
Ho,Name:,Ho,,Age:
Ho,Name:,Ho,,Age:
Ho,Name:,Ho,,Age:
Ho,Name:,Ho,,Age:
Ho,Name:,Ho,,Age:
Ho,Name:,Ho,,Age:
Ho,Name:,Ho,,Age:
Ho,Name:,Ho,,Age:
Ho,Name:,Ho,,Age:
Ho,Name:,Ho,,Age:
Ho,Name:,Ho,,Age:
Ho,Name:,Ho,,Age:
Ho,Name:,Ho,,Age:
Ho,Name:,Ho,,Age:
Ho,Name:,Ho,,Age:
Ho,Name:,Ho,,Age:
Ho,Name:,Ho,,Age:
Ho,Name:,Ho,,Age:
Ho,Name:,Ho,,Age:
Ho,Name:,Ho,,Age:
Ho,Name:,Ho,,Age:
Ho,Name:,Ho,,Age:
Ho,Name:,Ho,,Age:
Ho,Name:,Ho,,Age:
Ho,Name:,Ho,,Age:
Ho,Name:,Ho,,Age:
Ho,Name:,Ho,,Age:
Ho,Name:,Ho,,Age:
Ho,Name:,Ho,,Age:
Ho,Name:,Ho,,Age:
Ho,Name:,Ho,,Age:
Ho,Name:,Ho,,Age:
Ho,Name:,Ho,,Age:
Ho,Name:,Ho,,Age:
Ho,Name:,Ho,,Age:
Ho,Name:,Ho,,Age:
Ho,Name:,Ho,,Age:
Ho,Name:,Ho,,Age:
Ho,Name:,Ho,,Age:
Ho,Name:,Ho,,Age:
Ho,Name:,Ho,,Age:
Ho,Name:,Ho,,Age:
Ho,Name:,Ho,,Age:
Ho,Name:,Ho,,Age:
Ho,Name:,Ho,,Age:
Ho,Name:,Ho,,Age:
Ho,Name:,Ho,,Age:
Ho,Name:,Ho,,Age:
Ho,Name:,Ho,,Age:
Ho,Name:,Ho,,Age:
Ho,Name:,Ho,,Age:
Ho,Name:,Ho,,Age:
Ho,Name:,Ho,,Age:
Ho,Name:,Ho,,Age:
Ho,Name:,Ho,,Age:
Ho,Name:,He,,Age:
Ho,Name:,PC,,Age:
Ho,Name:,HC,,Age:
Ho,Name:,PSC,,Age:
Ho,Name:,PC,,Age:
Ho,Name:,PC,,Age:
Ho,Name:,PSC,,Age:
Ho,Name:,HC,,Age:
Ho,Name:,ERR,,Age:
Ho,Name:,PSC,,Age:
Ho,Name:,HC,,Age:
Ho,Name:,HC,,Age:
Ho,Name:,PC,,Age:
Ho,Name:,PC,,Age:
Ho,Name:,PC,,Age:
Ho,Name:,PC,,Age:
Ho,Name:,PSC,,Age:
Ho,Name:,HC,,Age:
Ho,Name:,PSC,,Age:
Ho,Name:,PSC,,Age:
Ho,Name:,PC,,Age:
Ho,Name:,HC,,Age:
Ho,Name:,PC,,Age:
Ho,Name:,HC,,Age:
Ho,Name:,PSC,,Age:
Ho,Name:,PC,,Age:
Ho,Name:,PC,,Age:
Ho,Name:,PC,,Age:
Ho,Name:,Ho,,Age:
Ho,Name:,Ho,,Age:
Ho,Name:,Ho,,Age:
Ho,Name:,Ho,,Age:
Ho,Name:,Ho,,Age:
Ho,Name:,Ho,,Age:
Ho,Name:,Ho,,Age:
Ho,Name:,Ho,,Age:
Ho,Name:,Ho,,Age:
Ho,Name:,Ho,,Age:
Ho,Name:,Ho,,Age:
Ho,Name:,Ho,,Age:
Ho,Name:,Ho,,Age:
Ho,Name:,Ho,,Age:
Ho,Name:,Ho,,Age:
Ho,Name:,Ho,,Age:
Ho,Name:,Ho,,Age:
Ho,Name:,Ho,,Age:
Ho,Name:,Ho,,Age:
Ho,Name:,Ho,,Age:
Ho,Name:,Ho,,Age:
Ho,Name:,Ho,,Age:
Ho,Name:,Ho,,Age:
Ho,Name:,Ho,,Age:
Ho,Name:,Ho,,Age:
Ho,Name:,Ho,,Age:
Ho,Name:,Ho,,Age:
Ho,Name:,Ho,,Age:
Ho,Name:,Ho,,Age:
Ho,Name:,Ho,,Age:
Ho,Name:,Ho,,Age:
Ho,Name:,Ho,,Age:
Ho,Name:,Ho,,Age:
Ho,Name:,Ho,,Age:
Ho,Name:,Ho,,Age:
Ho,Name:,Ho,,Age:
Ho,Name:,Ho,,Age:
Ho,Name:,Ho,,Age:
Ho,Name:,Ho,,Age:
Ho,Name:,Ho,,Age:
Ho,Name:,Ho,,Age:
Ho,Name:,Ho,,Age:
Ho,Name:,Ho,,Age:
Ho,Name:,Ho,,Age:
Ho,Name:,Ho,,Age:
Ho,Name:,Ho,,Age:
Ho,Name:,Ho,,Age:
Ho,Name:,Ho,,Age:
Ho,Name:,Ho,,Age:
Ho,Name:,Ho,,Age:
Ho,Name:,Ho,,Age:
Ho,Name:,Ho,,Age:
Ho,Name:,Ho,,Age:
Ho,Name:,Ho,,Age:
Ho,Name:,Ho,,Age:
Ho,Name:,Ho,,Age:
Ho,Name:,Ho,,Age:
Ho,Name:,Ho,,Age:
Ho,Name:,Ho,,Age:
Ho,Name:,Ho,,Age:
Ho,Name:,Ho,,Age:
Ho,Name:,Ho,,Age:
Ho,Name:,Ho,,Age:
Ho,Name:,Ho,,Age:
Ho,Name:,Ho,,Age:
Ho,Name:,Ho,,Age:
Ho,Name:,Ho,,Age:
Ho,Name:,Ho,,Age:
Ho,Name:,Ho,,Age:
Ho,Name:,Ho,,Age:
Ho,Name:,Ho,,Age:
Ho,Name:,Ho,,Age:
Ho,Name:,Ho,,Age:
Ho,Name:,Ho,,Age:
Ho,Name:,Ho,,Age:
Ho,Name:,Ho,,Age:
Ho,Name:,Ho,,Age:
Ho,Name:,Ho,,Age:
Ho,Name:,Ho,,Age:
Ho,Name:,Ho,,Age:
Ho,Name:,Ho,,Age:
Ho,Name:,Ho,,Age:
Ho,Name:,Ho,,Age:
Ho,Name:,Ho,,Age:
Ho,Name:,Ho,,Age:
Ho,Name:,Ho,,Age:
Ho,Name:,Ho,,Age:
Ho,Name:,Ho,,Age:
Ho,Name:,Ho,,Age:
Ho,Name:,Ho,,Age:
Ho,Name:,Ho,,Age:
Ho,Name:,Ho,,Age:
Ho,Name:,Ho,,Age:
Ho,Name:,Ho,,Age:
Ho,Name:,Ho,,Age:
Ho,Name:,Ho,,Age:
Ho,Name:,Ho,,Age:
Ho,Name:,Ho,,Age:
Ho,Name:,Ho,,Age:
Ho,Name:,Ho,,Age:
Ho,Name:,Ho,,Age:
Ho,Name:,Ho,,Age:
Ho,Name:,Ho,,Age:
Ho,Name:,Ho,,Age:
Ho,Name:,Ho,,Age:
Ho,Name:,Ho,,Age:
Ho,Name:,Ho,,Age:
Ho,Name:,Ho,,Age:
Ho,Name:,Ho,,Age:
Ho,Name:,Ho,,Age:
Ho,Name:,Ho,,Age:
Ho,Name:,Ho,,Age:
Ho,Name:,Ho,,Age:
Ho,Name:,Ho,,Age:
Ho,Name:,Ho,,Age:
Ho,Name:,Ho,,Age:
Ho,Name:,Ho,,Age:
Ho,Name:,Ho,,Age:
Ho,Name:,Ho,,Age:
Ho,Name:,Ho,,Age:
Ho,Name:,Ho,,Age:
Ho,Name:,Ho,,Age:
Ho,Name:,Ho,,Age:
Ho,Name:,Ho,,Age:
Ho,Name:,Ho,,Age:
Ho,Name:,Ho,,Age:
Ho,Name:,Ho,,Age:
Ho,Name:,Ho,,Age:
Ho,Name:,Ho,,Age:
Ho,Name:,Ho,,Age:
Ho,Name:,Ho,,Age:
Ho,Name:,Ho,,Age:
Ho,Name:,Ho,,Age:
Ho,Name:,Ho,,Age:
Ho,Name:,Ho,,Age:
Ho,Name:,Ho,,Age:
Ho,Name:,Ho,,Age:
Ho,Name:,Ho,,Age:
Ho,Name:,Ho,,Age:
Ho,Name:,Ho,,Age:
Ho,Name:,Ho,,Age:
Ho,Name:,Ho,,Age:
Ho,Name:,Ho,,Age:
Ho,Name:,Ho,,Age:
Ho,Name:,Ho,,Age:
Ho,Name:,Ho,,Age:
Ho,Name:,Ho,,Age:
Ho,Name:,Ho,,Age:
Ho,Name:,Ho,,Age:
Ho,Name:,Ho,,Age:
Ho,Name:,Ho,,Age:
Ho,Name:,Ho,,Age:
Ho,Name:,Ho,,Age:
Ho,Name:,Ho,,Age:
Ho,Name:,Ho,,Age:
Ho,Name:,Ho,,Age:
Ho,Name:,Ho,,Age:
Ho,Name:,Ho,,Age:
Ho,Name:,Ho,,Age:
Ho,Name:,Ho,,Age:
Ho,Name:,Ho,,Age:
Ho,Name:,Ho,,Age:
Ho,Name:,Ho,,Age:
Ho,Name:,Ho,,Age:
Ho,Name:,Ho,,Age:
Ho,Name:,Ho,,Age:
Ho,Name:,Ho,,Age:
Ho,Name:,Ho,,Age:
Ho,Name:,Ho,,Age:
Ho,Name:,Ho,,Age:
Ho,Name:,Ho,,Age:
Ho,Name:,Ho,,Age:
Ho,Name:,Ho,,Age:
Ho,Name:,Ho,,Age:
Ho,Name:,Ho,,Age:
Ho,Name:,Ho,,Age:
Ho,Name:,Ho,,Age:
Ho,Name:,Ho,,Age:
Ho,Name:,Ho,,Age:
Ho,Name:,Ho,,Age:
Ho,Name:,Ho,,Age:
Ho,Name:,Ho,,Age:
Ho,Name:,Ho,,Age:
Ho,Name:,Ho,,Age:
Ho,Name:,Ho,,Age:
Ho,Name:,Ho,,Age:
Ho,Name:,Ho,,Age:
Ho,Name:,Ho,,Age:
Ho,Name:,Ho,,Age:
Ho,Name:,Ho,,Age:
Ho,Name:,Ho,,Age:
Ho,Name:,Ho,,Age:
Ho,Name:,Ho,,Age:
Ho,Name:,Ho,,Age:
Ho,Name:,Ho,,Age:
Ho,Name:,Ho,,Age:
Ho,Name:,Ho,,Age:
Ho,Name:,Ho,,Age:
Ho,Name:,Ho,,Age:
Ho,Name:,Ho,,Age:
Ho,Name:,Ho,,Age:
Ho,Name:,Ho,,Age:
Ho,Name:,Ho,,Age:
Ho,Name:,Ho,,Age:
Ho,Name:,Ho,,Age:
Ho,Name:,Ho,,Age:
Ho,Name:,Ho,,Age:
Ho,Name:,Ho,,Age:
Ho,Name:,Ho,,Age:
Ho,Name:,Ho,,Age:
Ho,Name:,Ho,,Age:
Ho,Name:,Ho,,Age:
Ho,Name:,Ho,,Age:
Ho,Name:,Ho,,Age:
Ho,Name:,Ho,,Age:
Ho,Name:,Ho,,Age:
Ho,Name:,Ho,,Age:
Ho,Name:,Ho,,Age:
Ho,Name:,Ho,,Age:
Ho,Name:,Ho,,Age:
Ho,Name:,Ho,,Age:
Ho,Name:,Ho,,Age:
Ho,Name:,Ho,,Age:
Ho,Name:,Ho,,Age:
Ho,Name:,Ho,,Age:
Ho,Name:,Ho,,Age:
Ho,Name:,Ho,,Age:
Ho,Name:,Ho,,Age:
Ho,Name:,Ho,,Age:
Ho,Name:,Ho,,Age:
Ho,Name:,Ho,,Age:
Ho,Name:,Ho,,Age:
Ho,Name:,Ho,,Age:
Ho,Name:,Ho,,Age:
Ho,Name:,Ho,,Age:
Ho,Name:,Ho,,Age:
Ho,Name:,Ho,,Age:
Ho,Name:,Ho,,Age:
Ho,Name:,Ho,,Age:
Ho,Name:,Ho,,Age:
Ho,Name:,Ho,,Age:
Ho,Name:,Ho,,Age:
Ho,Name:,Ho,,Age:
Ho,Name:,Ho,,Age:
Ho,Name:,Ho,,Age:
Ho,Name:,Ho,,Age:
Ho,Name:,Ho,,Age:
Ho,Name:,Ho,,Age:
Ho,Name:,Ho,,Age:
Ho,Name:,Ho,,Age:
Ho,Name:,Ho,,Age:
Ho,Name:,Ho,,Age:
Ho,Name:,Ho,,Age:
Ho,Name:,Ho,,Age:
Ho,Name:,Ho,,Age:
Ho,Name:,Ho,,Age:
Ho,Name:,Ho,,Age:
Ho,Name:,Ho,,Age:
Ho,Name:,Ho,,Age:
Ho,Name:,Ho,,Age:
Ho,Name:,Ho,,Age:
Ho,Name:,Ho,,Age:
Ho,Name:,Ho,,Age:
Ho,Name:,Ho,,Age:
Ho,Name:,Ho,,Age:
Ho,Name:,Ho,,Age:
Ho,Name:,Ho,,Age:
Ho,Name:,Ho,,Age:
Ho,Name:,Ho,,Age:
Ho,Name:,Ho,,Age:
Ho,Name:,Ho,,Age:
Ho,Name:,Ho,,Age:
Ho,Name:,Ho,,Age:
Ho,Name:,Ho,,Age:
Ho,Name:,Ho,,Age:
Ho,Name:,Ho,,Age:
Ho,Name:,Ho,,Age:
Ho,Name:,Ho,,Age:
Ho,Name:,Ho,,Age:
Ho,Name:,Ho,,Age:
Ho,Name:,Ho,,Age:
Ho,Name:,Ho,,Age:
Ho,Name:,Ho,,Age:
Ho,Name:,Ho,,Age:
Ho,Name:,Ho,,Age:
Ho,Name:,Ho,,Age:
Ho,Name:,Ho,,Age:
Ho,Name:,Ho,,Age:
Ho,Name:,Ho,,Age:
Ho,Name:,Ho,,Age:
Ho,Name:,Ho,,Age:
Ho,Name:,Ho,,Age:
Ho,Name:,Ho,,Age:
Ho,Name:,Ho,,Age:
Ho,Name:,Ho,,Age:
Ho,Name:,Ho,,Age:
Ho,Name:,Ho,,Age:
Ho,Name:,Ho,,Age:
Ho,Name:,Ho,,Age:
Ho,Name:,Ho,,Age:
Ho,Name:,Ho,,Age:
Ho,Name:,Ho,,Age:
Ho,Name:,Ho,,Age:
Ho,Name:,Ho,,Age:
Ho,Name:,Ho,,Age:
Ho,Name:,Ho,,Age:
Ho,Name:,Ho,,Age:
Ho,Name:,Ho,,Age:
Ho,Name:,Ho,,Age:
Ho,Name:,Ho,,Age:
Ho,Name:,Ho,,Age:
Ho,Name:,Ho,,Age:
Ho,Name:,Ho,,Age:
Ho,Name:,Ho,,Age:
Ho,Name:,Ho,,Age:
Ho,Name:,Ho,,Age:
Ho,Name:,Ho,,Age:
Ho,Name:,Ho,,Age:
Ho,Name:,Ho,,Age:
Ho,Name:,Ho,,Age:
Ho,Name:,Ho,,Age:
Ho,Name:,Ho,,Age:
Ho,Name:,Ho,,Age:
Ho,Name:,Ho,,Age:
Ho,Name:,Ho,,Age:
Ho,Name:,Ho,,Age:
Ho,Name:,Ho,,Age:
Ho,Name:,Ho,,Age:
Ho,Name:,Ho,,Age:
Ho,Name:,Ho,,Age:
Ho,Name:,Ho,,Age:
Ho,Name:,Ho,,Age:
Ho,Name:,Ho,,Age:
Ho,Name:,Ho,,Age:
Ho,Name:,Ho,,Age:
Ho,Name:,Ho,,Age:
Ho,Name:,Ho,,Age:
Ho,Name:,Ho,,Age:
Ho,Name:,Ho,,Age:
Ho,Name:,Ho,,Age:
Ho,Name:,Ho,,Age:
Ho,Name:,Ho,,Age:
Ho,Name:,Ho,,Age:
Ho,Name:,Ho,,Age:
Ho,Name:,Ho,,Age:
Ho,Name:,Ho,,Age:
Ho,Name:,Ho,,Age:
Ho,Name:,Ho,,Age:
Ho,Name:,Ho,,Age:
Ho,Name:,Ho,,Age:
Ho,Name:,Ho,,Age:
Ho,Name:,Ho,,Age:
Ho,Name:,Ho,,Age:
Ho,Name:,Ho,,Age:
Ho,Name:,Ho,,Age:
Ho,Name:,Ho,,Age:
Ho,Name:,Ho,,Age:
Ho,Name:,Ho,,Age:
Ho,Name:,Ho,,Age:
Ho,Name:,Ho,,Age:
Ho,Name:,Ho,,Age:
Ho,Name:,Ho,,Age:
Ho,Name:,Ho,,Age:
Ho,Name:,Ho,,Age:
Ho,Name:,Ho,,Age:
Ho,Name:,Ho,,Age:
Ho,Name:,Ho,,Age:
Ho,Name:,Ho,,Age:
Ho,Name:,Ho,,Age:
Ho,Name:,Ho,,Age:
Ho,Name:,Ho,,Age:
Ho,Name:,Ho,,Age:
Ho,Name:,Ho,,Age:
Ho,Name:,Ho,,Age:
Ho,Name:,Ho,,Age:
Ho,Name:,Ho,,Age:
Ho,Name:,Ho,,Age:
Ho,Name:,Ho,,Age:
Ho,Name:,Ho,,Age:
Ho,Name:,Ho,,Age:
Ho,Name:,Ho,,Age:
Ho,Name:,Ho,,Age:
Ho,Name:,Ho,,Age:
Ho,Name:,Ho,,Age:
Ho,Name:,Ho,,Age:
Ho,Name:,Ho,,Age:
Ho,Name:,Ho,,Age:
Ho,Name:,Ho,,Age:
Ho,Name:,Ho,,Age:
Ho,Name:,Ho,,Age:
Ho,Name:,Ho,,Age:
Ho,Name:,Ho,,Age:
Ho,Name:,Ho,,Age:
Ho,Name:,Ho,,Age:
Ho,Name:,Ho,,Age:
Ho,Name:,Ho,,Age:
Ho,Name:,Ho,,Age:
Ho,Name:,Ho,,Age:
Ho,Name:,Ho,,Age:
Ho,Name:,Ho,,Age:
Ho,Name:,Ho,,Age:
Ho,Name:,Ho,,Age:
Ho,Name:,Ho,,Age:
Ho,Name:,Ho,,Age:
Ho,Name:,Ho,,Age:
Ho,Name:,Ho,,Age:
Ho,Name:,Ho,,Age:
Ho,Name:,Ho,,Age:
Ho,Name:,Ho,,Age:
Ho,Name:,Ho,,Age:
Ho,Name:,Ho,,Age:
Ho,Name:,Ho,,Age:
Ho,Name:,Ho,,Age:
Ho,Name:,Ho,,Age:
Ho,Name:,Ho,,Age:
Ho,Name:,Ho,,Age:
Ho,Name:,Ho,,Age:
Ho,Name:,Ho,,Age:
Ho,Name:,Ho,,Age:
Ho,Name:,Ho,,Age:
Ho,Name:,He,,Age:
Ho,Name:,PC,,Age:
Ho,Name:,HC,,Age:
Ho,Name:,PSC,,Age:
Ho,Name:,PC,,Age:
Ho,Name:,PC,,Age:
Ho,Name:,PSC,,Age:
Ho,Name:,HC,,Age:
Ho,Name:,ERR,,Age:
Ho,Name:,PSC,,Age:
Ho,Name:,HC,,Age:
Ho,Name:,HC,,Age:
Ho,Name:,PC,,Age:
Ho,Name:,PC,,Age:
Ho,Name:,PC,,Age:
Ho,Name:,PC,,Age:
Ho,Name:,PSC,,Age:
Ho,Name:,HC,,Age:
Ho,Name:,PSC,,Age:
Ho,Name:,PSC,,Age:
Ho,Name:,PC,,Age:
Ho,Name:,HC,,Age:
Ho,Name:,PC,,Age:
Ho,Name:,HC,,Age:
Ho,Name:,PSC,,Age:
Ho,Name:,PC,,Age:
Ho,Name:,PC,,Age:
Ho,Name:,PC,,Age:
Ho,Name:,Ho,,Age:
Ho,Name:,Ho,,Age:
Ho,Name:,Ho,,Age:
Ho,Name:,Ho,,Age:
Ho,Name:,Ho,,Age:
Ho,Name:,Ho,,Age:
Ho,Name:,Ho,,Age:
Ho,Name:,Ho,,Age:
Ho,Name:,Ho,,Age:
Ho,Name:,Ho,,Age:
Ho,Name:,Ho,,Age:
Ho,Name:,Ho,,Age:
Ho,Name:,Ho,,Age:
Ho,Name:,Ho,,Age:
Ho,Name:,Ho,,Age:
Ho,Name:,Ho,,Age:
Ho,Name:,Ho,,Age:
Ho,Name:,Ho,,Age:
Ho,Name:,Ho,,Age:
Ho,Name:,Ho,,Age:
Ho,Name:,Ho,,Age:
Ho,Name:,Ho,,Age:
Ho,Name:,Ho,,Age:
Ho,Name:,Ho,,Age:
Ho,Name:,Ho,,Age:
Ho,Name:,Ho,,Age:
Ho,Name:,Ho,,Age:
Ho,Name:,Ho,,Age:
Ho,Name:,Ho,,Age:
Ho,Name:,Ho,,Age:
Ho,Name:,Ho,,Age:
Ho,Name:,Ho,,Age:
Ho,Name:,Ho,,Age:
Ho,Name:,Ho,,Age:
Ho,Name:,Ho,,Age:
Ho,Name:,Ho,,Age:
Ho,Name:,Ho,,Age:
Ho,Name:,Ho,,Age:
Ho,Name:,Ho,,Age:
Ho,Name:,Ho,,Age:
Ho,Name:,Ho,,Age:
Ho,Name:,Ho,,Age:
Ho,Name:,Ho,,Age:
Ho,Name:,Ho,,Age:
Ho,Name:,Ho,,Age:
Ho,Name:,Ho,,Age:
Ho,Name:,Ho,,Age:
Ho,Name:,Ho,,Age:
Ho,Name:,Ho,,Age:
Ho,Name:,Ho,,Age:
Ho,Name:,Ho,,Age:
Ho,Name:,Ho,,Age:
Ho,Name:,Ho,,Age:
Ho,Name:,Ho,,Age:
Ho,Name:,Ho,,Age:
Ho,Name:,Ho,,Age:
Ho,Name:,Ho,,Age:
Ho,Name:,Ho,,Age:
Ho,Name:,Ho,,Age:
Ho,Name:,Ho,,Age:
Ho,Name:,Ho,,Age:
Ho,Name:,Ho,,Age:
Ho,Name:,Ho,,Age:
Ho,Name:,Ho,,Age:
Ho,Name:,Ho,,Age:
Ho,Name:,Ho,,Age:
Ho,Name:,Ho,,Age:
Ho,Name:,Ho,,Age:
Ho,Name:,Ho,,Age:
Ho,Name:,Ho,,Age:
Ho,Name:,Ho,,Age:
Ho,Name:,Ho,,Age:
Ho,Name:,Ho,,Age:
Ho,Name:,Ho,,Age:
Ho,Name:,Ho,,Age:
Ho,Name:,Ho,,Age:
Ho,Name:,Ho,,Age:
Ho,Name:,Ho,,Age:
Ho,Name:,Ho,,Age:
Ho,Name:,Ho,,Age:
Ho,Name:,Ho,,Age:
Ho,Name:,Ho,,Age:
Ho,Name:,Ho,,Age:
Ho,Name:,Ho,,Age:
Ho,Name:,Ho,,Age:
Ho,Name:,Ho,,Age:
Ho,Name:,Ho,,Age:
Ho,Name:,Ho,,Age:
Ho,Name:,Ho,,Age:
Ho,Name:,Ho,,Age:
Ho,Name:,Ho,,Age:
Ho,Name:,Ho,,Age:
Ho,Name:,Ho,,Age:
Ho,Name:,Ho,,Age:
Ho,Name:,Ho,,Age:
Ho,Name:,Ho,,Age:
Ho,Name:,Ho,,Age:
Ho,Name:,Ho,,Age:
Ho,Name:,Ho,,Age:
Ho,Name:,Ho,,Age:
Ho,Name:,Ho,,Age:
Ho,Name:,Ho,,Age:
Ho,Name:,Ho,,Age:
Ho,Name:,Ho,,Age:
Ho,Name:,Ho,,Age:
Ho,Name:,Ho,,Age:
Ho,Name:,Ho,,Age:
Ho,Name:,Ho,,Age:
Ho,Name:,Ho,,Age:
Ho,Name:,Ho,,Age:
Ho,Name:,Ho,,Age:
Ho,Name:,Ho,,Age:
Ho,Name:,Ho,,Age:
Ho,Name:,Ho,,Age:
Ho,Name:,Ho,,Age:
Ho,Name:,Ho,,Age:
Ho,Name:,Ho,,Age:
Ho,Name:,Ho,,Age:
Ho,Name:,Ho,,Age:
Ho,Name:,Ho,,Age:
Ho,Name:,Ho,,Age:
Ho,Name:,Ho,,Age:
Ho,Name:,Ho,,Age:
Ho,Name:,Ho,,Age:
Ho,Name:,Ho,,Age:
Ho,Name:,Ho,,Age:
Ho,Name:,Ho,,Age:
Ho,Name:,Ho,,Age:
Ho,Name:,Ho,,Age:
Ho,Name:,Ho,,Age:
Ho,Name:,Ho,,Age:
Ho,Name:,Ho,,Age:
Ho,Name:,Ho,,Age:
Ho,Name:,Ho,,Age:
Ho,Name:,Ho,,Age:
Ho,Name:,Ho,,Age:
Ho,Name:,Ho,,Age:
Ho,Name:,Ho,,Age:
Ho,Name:,Ho,,Age:
Ho,Name:,Ho,,Age:
Ho,Name:,Ho,,Age:
Ho,Name:,Ho,,Age:
Ho,Name:,Ho,,Age:
Ho,Name:,Ho,,Age:
Ho,Name:,Ho,,Age:
Ho,Name:,Ho,,Age:
Ho,Name:,Ho,,Age:
Ho,Name:,Ho,,Age:
Ho,Name:,Ho,,Age:
Ho,Name:,Ho,,Age:
Ho,Name:,Ho,,Age:
Ho,Name:,Ho,,Age:
Ho,Name:,Ho,,Age:
Ho,Name:,Ho,,Age:
Ho,Name:,Ho,,Age:
Ho,Name:,Ho,,Age:
Ho,Name:,Ho,,Age:
Ho,Name:,Ho,,Age:
Ho,Name:,Ho,,Age:
Ho,Name:,Ho,,Age:
Ho,Name:,Ho,,Age:
Ho,Name:,Ho,,Age:
Ho,Name:,Ho,,Age:
Ho,Name:,Ho,,Age:
Ho,Name:,Ho,,Age:
Ho,Name:,Ho,,Age:
Ho,Name:,Ho,,Age:
Ho,Name:,Ho,,Age:
Ho,Name:,Ho,,Age:
Ho,Name:,Ho,,Age:
Ho,Name:,Ho,,Age:
Ho,Name:,Ho,,Age:
Ho,Name:,Ho,,Age:
Ho,Name:,Ho,,Age:
Ho,Name:,Ho,,Age:
Ho,Name:,Ho,,Age:
Ho,Name:,Ho,,Age:
Ho,Name:,Ho,,Age:
Ho,Name:,Ho,,Age:
Ho,Name:,Ho,,Age:
Ho,Name:,Ho,,Age:
Ho,Name:,Ho,,Age:
Ho,Name:,Ho,,Age:
Ho,Name:,Ho,,Age:
Ho,Name:,Ho,,Age:
Ho,Name:,Ho,,Age:
Ho,Name:,Ho,,Age:
Ho,Name:,Ho,,Age:
Ho,Name:,Ho,,Age:
Ho,Name:,Ho,,Age:
Ho,Name:,Ho,,Age:
Ho,Name:,Ho,,Age:
Ho,Name:,Ho,,Age:
Ho,Name:,Ho,,Age:
Ho,Name:,Ho,,Age:
Ho,Name:,Ho,,Age:
Ho,Name:,Ho,,Age:
Ho,Name:,Ho,,Age:
Ho,Name:,Ho,,Age:
Ho,Name:,Ho,,Age:
Ho,Name:,Ho,,Age:
Ho,Name:,Ho,,Age:
Ho,Name:,Ho,,Age:
Ho,Name:,Ho,,Age:
Ho,Name:,Ho,,Age:
Ho,Name:,Ho,,Age:
Ho,Name:,Ho,,Age:
Ho,Name:,Ho,,Age:
Ho,Name:,Ho,,Age:
Ho,Name:,Ho,,Age:
Ho,Name:,Ho,,Age:
Ho,Name:,Ho,,Age:
Ho,Name:,Ho,,Age:
Ho,Name:,Ho,,Age:
Ho,Name:,Ho,,Age:
Ho,Name:,Ho,,Age:
Ho,Name:,Ho,,Age:
Ho,Name:,Ho,,Age:
Ho,Name:,Ho,,Age:
Ho,Name:,Ho,,Age:
Ho,Name:,Ho,,Age:
Ho,Name:,Ho,,Age:
Ho,Name:,Ho,,Age:
Ho,Name:,Ho,,Age:
Ho,Name:,Ho,,Age:
Ho,Name:,Ho,,Age:
Ho,Name:,Ho,,Age:
Ho,Name:,Ho,,Age:
Ho,Name:,Ho,,Age:
Ho,Name:,Ho,,Age:
Ho,Name:,Ho,,Age:
Ho,Name:,Ho,,Age:
Ho,Name:,Ho,,Age:
Ho,Name:,Ho,,Age:
Ho,Name:,Ho,,Age:
Ho,Name:,Ho,,Age:
Ho,Name:,Ho,,Age:
Ho,Name:,Ho,,Age:
Ho,Name:,Ho,,Age:
Ho,Name:,Ho,,Age:
Ho,Name:,Ho,,Age:
Ho,Name:,Ho,,Age:
Ho,Name:,Ho,,Age:
Ho,Name:,Ho,,Age:
Ho,Name:,Ho,,Age:
Ho,Name:,Ho,,Age:
Ho,Name:,Ho,,Age:
Ho,Name:,Ho,,Age:
Ho,Name:,Ho,,Age:
Ho,Name:,Ho,,Age:
Ho,Name:,Ho,,Age:
Ho,Name:,Ho,,Age:
Ho,Name:,Ho,,Age:
Ho,Name:,Ho,,Age:
Ho,Name:,Ho,,Age:
Ho,Name:,Ho,,Age:
Ho,Name:,Ho,,Age:
Ho,Name:,Ho,,Age:
Ho,Name:,Ho,,Age:
Ho,Name:,Ho,,Age:
Ho,Name:,Ho,,Age:
Ho,Name:,Ho,,Age:
Ho,Name:,Ho,,Age:
Ho,Name:,Ho,,Age:
Ho,Name:,Ho,,Age:
Ho,Name:,Ho,,Age:
Ho,Name:,Ho,,Age:
Ho,Name:,Ho,,Age:
Ho,Name:,Ho,,Age:
Ho,Name:,Ho,,Age:
Ho,Name:,Ho,,Age:
Ho,Name:,Ho,,Age:
Ho,Name:,Ho,,Age:
Ho,Name:,Ho,,Age:
Ho,Name:,Ho,,Age:
Ho,Name:,Ho,,Age:
Ho,Name:,Ho,,Age:
Ho,Name:,Ho,,Age:
Ho,Name:,Ho,,Age:
Ho,Name:,Ho,,Age:
Ho,Name:,Ho,,Age:
Ho,Name:,Ho,,Age:
Ho,Name:,Ho,,Age:
Ho,Name:,Ho,,Age:
Ho,Name:,Ho,,Age:
Ho,Name:,Ho,,Age:
Ho,Name:,Ho,,Age:
Ho,Name:,Ho,,Age:
Ho,Name:,Ho,,Age:
Ho,Name:,Ho,,Age:
Ho,Name:,Ho,,Age:
Ho,Name:,Ho,,Age:
Ho,Name:,Ho,,Age:
Ho,Name:,Ho,,Age:
Ho,Name:,Ho,,Age:
Ho,Name:,Ho,,Age:
Ho,Name:,Ho,,Age:
Ho,Name:,Ho,,Age:
Ho,Name:,Ho,,Age:
Ho,Name:,Ho,,Age:
Ho,Name:,Ho,,Age:
Ho,Name:,Ho,,Age:
Ho,Name:,Ho,,Age:
Ho,Name:,Ho,,Age:
Ho,Name:,Ho,,Age:
Ho,Name:,Ho,,Age:
Ho,Name:,Ho,,Age:
Ho,Name:,Ho,,Age:
Ho,Name:,Ho,,Age:
Ho,Name:,Ho,,Age:
Ho,Name:,Ho,,Age:
Ho,Name:,Ho,,Age:
Ho,Name:,Ho,,Age:
Ho,Name:,Ho,,Age:
Ho,Name:,Ho,,Age:
Ho,Name:,Ho,,Age:
Ho,Name:,Ho,,Age:
Ho,Name:,Ho,,Age:
Ho,Name:,Ho,,Age:
Ho,Name:,Ho,,Age:
Ho,Name:,Ho,,Age:
Ho,Name:,Ho,,Age:
Ho,Name:,Ho,,Age:
Ho,Name:,Ho,,Age:
Ho,Name:,Ho,,Age:
Ho,Name:,Ho,,Age:
Ho,Name:,Ho,,Age:
Ho,Name:,Ho,,Age:
Ho,Name:,Ho,,Age:
Ho,Name:,Ho,,Age:
Ho,Name:,Ho,,Age:
Ho,Name:,Ho,,Age:
Ho,Name:,Ho,,Age:
Ho,Name:,Ho,,Age:
Ho,Name:,Ho,,Age:
Ho,Name:,Ho,,Age:
Ho,Name:,Ho,,Age:
Ho,Name:,Ho,,Age:
Ho,Name:,Ho,,Age:
Ho,Name:,Ho,,Age:
Ho,Name:,Ho,,Age:
Ho,Name:,Ho,,Age:
Ho,Name:,Ho,,Age:
Ho,Name:,Ho,,Age:
Ho,Name:,Ho,,Age:
Ho,Name:,Ho,,Age:
Ho,Name:,Ho,,Age:
Ho,Name:,Ho,,Age:
Ho,Name:,Ho,,Age:
Ho,Name:,Ho,,Age:
Ho,Name:,Ho,,Age:
Ho,Name:,Ho,,Age:
Ho,Name:,Ho,,Age:
Ho,Name:,Ho,,Age:
Ho,Name:,Ho,,Age:
Ho,Name:,Ho,,Age:
Ho,Name:,Ho,,Age:
Ho,Name:,Ho,,Age:
Ho,Name:,Ho,,Age:
Ho,Name:,Ho,,Age:
Ho,Name:,Ho,,Age:
Ho,Name:,Ho,,Age:
Ho,Name:,Ho,,Age:
Ho,Name:,Ho,,Age:
Ho,Name:,Ho,,Age:
Ho,Name:,Ho,,Age:
Ho,Name:,Ho,,Age:
Ho,Name:,Ho,,Age:
Ho,Name:,Ho,,Age:
Ho,Name:,Ho,,Age:
Ho,Name:,Ho,,Age:
Ho,Name:,Ho,,Age:
Ho,Name:,Ho,,Age:
Ho,Name:,Ho,,Age:
Ho,Name:,Ho,,Age:
Ho,Name:,Ho,,Age:
Ho,Name:,Ho,,Age:
Ho,Name:,Ho,,Age:
Ho,Name:,Ho,,Age:
Ho,Name:,Ho,,Age:
Ho,Name:,Ho,,Age:
Ho,Name:,Ho,,Age:
Ho,Name:,Ho,,Age:
Ho,Name:,Ho,,Age:
Ho,Name:,Ho,,Age:
Ho,Name:,Ho,,Age:
Ho,Name:,Ho,,Age:
Ho,Name:,Ho,,Age:
Ho,Name:,Ho,,Age:
Ho,Name:,Ho,,Age:
Ho,Name:,Ho,,Age:
Ho,Name:,Ho,,Age:
Ho,Name:,Ho,,Age:
Ho,Name:,Ho,,Age:
Ho,Name:,Ho,,Age:
Ho,Name:,Ho,,Age:
Ho,Name:,Ho,,Age:
Ho,Name:,Ho,,Age:
Ho,Name:,Ho,,Age:
Ho,Name:,Ho,,Age:
Ho,Name:,Ho,,Age:
Ho,Name:,Ho,,Age:
Ho,Name:,Ho,,Age:
Ho,Name:,Ho,,Age:
Ho,Name:,Ho,,Age:
Ho,Name:,Ho,,Age:
Ho,Name:,Ho,,Age:
Ho,Name:,Ho,,Age:
Ho,Name:,Ho,,Age:
Ho,Name:,Ho,,Age:
Ho,Name:,Ho,,Age:
Ho,Name:,Ho,,Age:
Ho,Name:,Ho,,Age:
Ho,Name:,Ho,,Age:
Ho,Name:,Ho,,Age:
Ho,Name:,Ho,,Age:
Ho,Name:,Ho,,Age:
Ho,Name:,Ho,,Age:
Ho,Name:,Ho,,Age:
Ho,Name:,Ho,,Age:
Ho,Name:,Ho,,Age:
Ho,Name:,Ho,,Age:
Ho,Name:,Ho,,Age:
Ho,Name:,Ho,,Age:
Ho,Name:,Ho,,Age:
Ho,Name:,Ho,,Age:
Ho,Name:,Ho,,Age:
Ho,Name:,Ho,,Age:
Ho,Name:,Ho,,Age:
Ho,Name:,Ho,,Age:
Ho,Name:,Ho,,Age:
Ho,Name:,Ho,,Age:
Ho,Name:,Ho,,Age:
Ho,Name:,Ho,,Age:
Ho,Name:,Ho,,Age:
Ho,Name:,Ho,,Age:
Ho,Name:,Ho,,Age:
Ho,Name:,Ho,,Age:
Ho,Name:,Ho,,Age:
Ho,Name:,Ho,,Age:
Ho,Name:,Ho,,Age:
Ho,Name:,Ho,,Age:
Ho,Name:,Ho,,Age:
Ho,Name:,Ho,,Age:
Ho,Name:,Ho,,Age:
Ho,Name:,Ho,,Age:
Ho,Name:,Ho,,Age:
Ho,Name:,Ho,,Age:
Ho,Name:,Ho,,Age:
Ho,Name:,Ho,,Age:
Ho,Name:,Ho,,Age:
Ho,Name:,Ho,,Age:
Ho,Name:,Ho,,Age:
Ho,Name:,Ho,,Age:
Ho,Name:,Ho,,Age:
Ho,Name:,Ho,,Age:
Ho,Name:,Ho,,Age:
Ho,Name:,Ho,,Age:
Ho,Name:,Ho,,Age:
Ho,Name:,Ho,,Age:
Ho,Name:,Ho,,Age:
Ho,Name:,Ho,,Age:
Ho,Name:,Ho,,Age:
Ho,Name:,Ho,,Age:
Ho,Name:,Ho,,Age:
Ho,Name:,Ho,,Age:
Ho,Name:,Ho,,Age:
Ho,Name:,Ho,,Age:
Ho,Name:,Ho,,Age:
Ho,Name:,Ho,,Age:
Ho,Name:,Ho,,Age:
Ho,Name:,Ho,,Age:
Ho,Name:,Ho,,Age:
Ho,Name:,Ho,,Age:
Ho,Name:,Ho,,Age:
Ho,Name:,Ho,,Age:
Ho,Name:,Ho,,Age:
Ho,Name:,Ho,,Age:
Ho,Name:,Ho,,Age:
Ho,Name:,Ho,,Age:
Ho,Name:,Ho,,Age:
Ho,Name:,Ho,,Age:
Ho,Name:,Ho,,Age:
Ho,Name:,Ho,,Age:
Ho,Name:,Ho,,Age:
Ho,Name:,Ho,,Age:
Ho,Name:,Ho,,Age:
Ho,Name:,Ho,,Age:
Ho,Name:,Ho,,Age:
Ho,Name:,Ho,,Age:
Ho,Name:,Ho,,Age:
Ho,Name:,Ho,,Age:
Ho,Name:,Ho,,Age:
Ho,Name:,Ho,,Age:
Ho,Name:,Ho,,Age:
Ho,Name:,Ho,,Age:
Ho,Name:,Ho,,Age:
Ho,Name:,Ho,,Age:
Ho,Name:,Ho,,Age:
Ho,Name:,Ho,,Age:
Ho,Name:,Ho,,Age:
Ho,Name:,Ho,,Age:
Ho,Name:,Ho,,Age:
Ho,Name:,Ho,,Age:
Ho,Name:,Ho,,Age:
Ho,Name:,Ho,,Age:
Ho,Name:,Ho,,Age:
Ho,Name:,Ho,,Age:
Ho,Name:,Ho,,Age:
Ho,Name:,Ho,,Age:
Ho,Name:,Ho,,Age:
Ho,Name:,Ho,,Age:
Ho,Name:,Ho,,Age:
Ho,Name:,Ho,,Age:
Ho,Name:,Ho,,Age:
Ho,Name:,Ho,,Age:
Ho,Name:,Ho,,Age:
Ho,Name:,Ho,,Age:
Ho,Name:,Ho,,Age:
Ho,Name:,Ho,,Age:
Ho,Name:,Ho,,Age:
Ho,Name:,Ho,,Age:
Ho,Name:,Ho,,Age:
Ho,Name:,Ho,,Age:
Ho,Name:,Ho,,Age:
Ho,Name:,Ho,,Age:
Ho,Name:,Ho,,Age:
Ho,Name:,Ho,,Age:
Ho,Name:,Ho,,Age:
Ho,Name:,Ho,,Age:
Ho,Name:,Ho,,Age:
Ho,Name:,Ho,,Age:
Ho,Name:,Ho,,Age:
Ho,Name:,Ho,,Age:
Ho,Name:,Ho,,Age:
Ho,Name:,Ho,,Age:
Ho,Name:,Ho,,Age:
Ho,Name:,Ho,,Age:
Ho,Name:,Ho,,Age:
Ho,Name:,Ho,,Age:
Ho,Name:,Ho,,Age:
Ho,Name:,Ho,,Age:
Ho,Name:,Ho,,Age:
Ho,Name:,Ho,,Age:
Ho,Name:,Ho,,Age:
Ho,Name:,Ho,,Age:
Ho,Name:,Ho,,Age:
Ho,Name:,Ho,,Age:
Ho,Name:,Ho,,Age:
Ho,Name:,Ho,,Age:
Ho,Name:,Ho,,Age:
Ho,Name:,Ho,,Age:
Ho,Name:,Ho,,Age:
Ho,Name:,Ho,,Age:
Ho,Name:,Ho,,Age:
Ho,Name:,Ho,,Age:
Ho,Name:,Ho,,Age:
Ho,Name:,Ho,,Age:
Ho,Name:,Ho,,Age:
Ho,Name:,Ho,,Age:
Ho,Name:,Ho,,Age:
Ho,Name:,Ho,,Age:
Ho,Name:,Ho,,Age:
Ho,Name:,Ho,,Age:
Ho,Name:,Ho,,Age:
Ho,Name:,Ho,,Age:
Ho,Name:,Ho,,Age:
Ho,Name:,Ho,,Age:
Ho,Name:,Ho,,Age:
Ho,Name:,Ho,,Age:
Ho,Name:,Ho,,Age:
Ho,Name:,Ho,,Age:
Ho,Name:,Ho,,Age:
Ho,Name:,Ho,,Age:
Ho,Name:,Ho,,Age:
Ho,Name:,Ho,,Age:
Ho,Name:,Ho,,Age:
Ho,Name:,Ho,,Age:
Ho,Name:,Ho,,Age:
Ho,Name:,Ho,,Age:
Ho,Name:,Ho,,Age:
Ho,Name:,Ho,,Age:
Ho,Name:,Ho,,Age:
Ho,Name:,Ho,,Age:
Ho,Name:,Ho,,Age:
Ho,Name:,Ho,,Age:
Ho,Name:,Ho,,Age:
Ho,Name:,Ho,,Age:
Ho,Name:,Ho,,Age:
Ho,Name:,Ho,,Age:
Ho,Name:,Ho,,Age:
Ho,Name:,Ho,,Age:
Ho,Name:,Ho,,Age:
Ho,Name:,Ho,,Age:
Ho,Name:,Ho,,Age:
Ho,Name:,Ho,,Age:
Ho,Name:,Ho,,Age:
Ho,Name:,Ho,,Age:
Ho,Name:,Ho,,Age:
Ho,Name:,Ho,,Age:
Ho,Name:,Ho,,Age:
Ho,Name:,Ho,,Age:
Ho,Name:,Ho,,Age:
Ho,Name:,Ho,,Age:
Ho,Name:,Ho,,Age:
Ho,Name:,Ho,,Age:
Ho,Name:,Ho,,Age:
Ho,Name:,Ho,,Age:
Ho,Name:,Ho,,Age:
Ho,Name:,Ho,,Age:
Ho,Name:,Ho,,Age:
Ho,Name:,Ho,,Age:
Ho,Name:,Ho,,Age:
Ho,Name:,Ho,,Age:
Ho,Name:,Ho,,Age:
Ho,Name:,Ho,,Age:
Ho,Name:,Ho,,Age:
Ho,Name:,Ho,,Age:
Ho,Name:,Ho,,Age:
Ho,Name:,Ho,,Age:
Ho,Name:,Ho,,Age:
Ho,Name:,Ho,,Age:
Ho,Name:,Ho,,Age:
Ho,Name:,Ho,,Age:
Ho,Name:,Ho,,Age:
Ho,Name:,Ho,,Age:
Ho,Name:,Ho,,Age:
Ho,Name:,Ho,,Age:
Ho,Name:,Ho,,Age:
Ho,Name:,Ho,,Age:
Ho,Name:,Ho,,Age:
Ho,Name:,Ho,,Age:
Ho,Name:,Ho,,Age:
Ho,Name:,Ho,,Age:
Ho,Name:,Ho,,Age:
Ho,Name:,Ho,,Age:
Ho,Name:,Ho,,Age:
Ho,Name:,Ho,,Age:
Ho,Name:,Ho,,Age:
Ho,Name:,Ho,,Age:
Ho,Name:,Ho,,Age:
Ho,Name:,Ho,,Age:
Ho,Name:,Ho,,Age:
Ho,Name:,Ho,,Age:
Ho,Name:,Ho,,Age:
Ho,Name:,Ho,,Age:
Ho,Name:,Ho,,Age:
Ho,Name:,Ho,,Age:
Ho,Name:,Ho,,Age:
Ho,Name:,Ho,,Age:
Ho,Name:,Ho,,Age:
Ho,Name:,Ho,,Age:
Ho,Name:,Ho,,Age:
Ho,Name:,Ho,,Age:
Ho,Name:,Ho,,Age:
Ho,Name:,Ho,,Age:
Ho,Name:,Ho,,Age:
Ho,Name:,Ho,,Age:
Ho,Name:,Ho,,Age:
Ho,Name:,Ho,,Age:
Ho,Name:,Ho,,Age:
Ho,Name:,Ho,,Age:
Ho,Name:,Ho,,Age:
Ho,Name:,Ho,,Age:
Ho,Name:,Ho,,Age:
Ho,Name:,Ho,,Age:
Ho,Name:,Ho,,Age:
Ho,Name:,Ho,,Age:
Ho,Name:,Ho,,Age:
Ho,Name:,Ho,,Age:
Ho,Name:,Ho,,Age:
Ho,Name:,Ho,,Age:
Ho,Name:,Ho,,Age:
Ho,Name:,Ho,,Age:
Ho,Name:,Ho,,Age:
Ho,Name:,Ho,,Age:
Ho,Name:,Ho,,Age:
Ho,Name:,Ho,,Age:
Ho,Name:,Ho,,Age:
Ho,Name:,Ho,,Age:
Ho,Name:,Ho,,Age:
Ho,Name:,Ho,,Age:
Ho,Name:,Ho,,Age:
Ho,Name:,Ho,,Age:
Ho,Name:,Ho,,Age:
Ho,Name:,Ho,,Age:
Ho,Name:,Ho,,Age:
Ho,Name:,Ho,,Age:
Ho,Name:,Ho,,Age:
Ho,Name:,Ho,,Age:
Ho,Name:,Ho,,Age:
Ho,Name:,Ho,,Age:
Ho,Name:,Ho,,Age:
Ho,Name:,Ho,,Age:
Ho,Name:,Ho,,Age:
Ho,Name:,Ho,,Age:
Ho,Name:,Ho,,Age:
Ho,Name:,Ho,,Age:
Ho,Name:,Ho,,Age:
Ho,Name:,Ho,,Age:
Ho,Name:,Ho,,Age:
Ho,Name:,Ho,,Age:
Ho,Name:,Ho,,Age:
Ho,Name:,Ho,,Age:
Ho,Name:,Ho,,Age:
Ho,Name:,Ho,,Age:
Ho,Name:,Ho,,Age:
Ho,Name:,Ho,,Age:
Ho,Name:,Ho,,Age:
Ho,Name:,Ho,,Age:
Ho,Name:,Ho,,Age:
Ho,Name:,Ho,,Age:
Ho,Name:,Ho,,Age:
Ho,Name:,Ho,,Age:
Ho,Name:,Ho,,Age:
Ho,Name:,Ho,,Age:
Ho,Name:,Ho,,Age:
Ho,Name:,Ho,,Age:
Ho,Name:,Ho,,Age:
Ho,Name:,Ho,,Age:
Ho,Name:,Ho,,Age:
Ho,Name:,Ho,,Age:
Ho,Name:,Ho,,Age:
Ho,Name:,Ho,,Age:
Ho,Name:,Ho,,Age:
Ho,Name:,Ho,,Age:
Ho,Name:,Ho,,Age:
Ho,Name:,Ho,,Age:
Ho,Name:,Ho,,Age:
Ho,Name:,Ho,,Age:
Ho,Name:,Ho,,Age:
Ho,Name:,Ho,,Age:
Ho,Name:,Ho,,Age:
Ho,Name:,Ho,,Age:
Ho,Name:,Ho,,Age:
Ho,Name:,Ho,,Age:
Ho,Name:,Ho,,Age:
Ho,Name:,Ho,,Age:
Ho,Name:,Ho,,Age:
Ho,Name:,Ho,,Age:
Ho,Name:,Ho,,Age:
Ho,Name:,Ho,,Age:
Ho,Name:,Ho,,Age:
Ho,Name:,Ho,,Age:
Ho,Name:,Ho,,Age:
Ho,Name:,Ho,,Age:
Ho,Name:,Ho,,Age:
Ho,Name:,Ho,,Age:
Ho,Name:,Ho,,Age:
Ho,Name:,Ho,,Age:
Ho,Name:,Ho,,Age:
Ho,Name:,Ho,,Age:
Ho,Name:,Ho,,Age:
Ho,Name:,Ho,,Age:
Ho,Name:,Ho,,Age:
Ho,Name:,Ho,,Age:
Ho,Name:,Ho,,Age:
Ho,Name:,Ho,,Age:
Ho,Name:,Ho,,Age:
Ho,Name:,Ho,,Age:
Ho,Name:,Ho,,Age:
Ho,Name:,Ho,,Age:
Ho,Name:,Ho,,Age:
Ho,Name:,Ho,,Age:
Ho,Name:,Ho,,Age:
Ho,Name:,Ho,,Age:
Ho,Name:,Ho,,Age:
Ho,Name:,Ho,,Age:
Ho,Name:,Ho,,Age:
Ho,Name:,Ho,,Age:
Ho,Name:,Ho,,Age:
Ho,Name:,Ho,,Age:
Ho,Name:,Ho,,Age:
Ho,Name:,Ho,,Age:
Ho,Name:,Ho,,Age:
Ho,Name:,Ho,,Age:
Ho,Name:,Ho,,Age:
Ho,Name:,Ho,,Age:
Ho,Name:,Ho,,Age:
Ho,Name:,Ho,,Age:
Ho,Name:,Ho,,Age:
Ho,Name:,Ho,,Age:
Ho,Name:,Ho,,Age:
Ho,Name:,Ho,,Age:
Ho,Name:,Ho,,Age:
Ho,Name:,Ho,,Age:
Ho,Name:,Ho,,Age:
Ho,Name:,Ho,,Age:
Ho,Name:,Ho,,Age:
Ho,Name:,Ho,,Age:
Ho,Name:,Ho,,Age:
Ho,Name:,Ho,,Age:
Ho,Name:,Ho,,Age:
Ho,Name:,Ho,,Age:
Ho,Name:,Ho,,Age:
Ho,Name:,Ho,,Age:
Ho,Name:,Ho,,Age:
Ho,Name:,Ho,,Age:
Ho,Name:,Ho,,Age:
Ho,Name:,Ho,,Age:
Ho,Name:,Ho,,Age:
Ho,Name:,Ho,,Age:
Ho,Name:,Ho,,Age:
Ho,Name:,Ho,,Age:
Ho,Name:,Ho,,Age:
Ho,Name:,Ho,,Age:
Ho,Name:,Ho,,Age:
Ho,Name:,Ho,,Age:
Ho,Name:,Ho,,Age:
Ho,Name:,Ho,,Age:
Ho,Name:,Ho,,Age:
Ho,Name:,Ho,,Age:
Ho,Name:,Ho,,Age:
Ho,Name:,Ho,,Age:
Ho,Name:,Ho,,Age:
Ho,Name:,Ho,,Age:
Ho,Name:,Ho,,Age:
Ho,Name:,Ho,,Age:
Ho,Name:,Ho,,Age:
Ho,Name:,Ho,,Age:
Ho,Name:,Ho,,Age:
Ho,Name:,Ho,,Age:
Ho,Name:,Ho,,Age:
Ho,Name:,Ho,,Age:
Ho,Name:,Ho,,Age:
Ho,Name:,Ho,,Age:
Ho,Name:,Ho,,Age:
Ho,Name:,Ho,,Age:
Ho,Name:,Ho,,Age:
Ho,Name:,Ho,,Age:
Ho,Name:,Ho,,Age:
Ho,Name:,Ho,,Age:
Ho,Name:,Ho,,Age:
Ho,Name:,Ho,,Age:
Ho,Name:,Ho,,Age:
Ho,Name:,Ho,,Age:
Ho,Name:,Ho,,Age:
Ho,Name:,Ho,,Age:
Ho,Name:,Ho,,Age:
Ho,Name:,Ho,,Age:
Ho,Name:,Ho,,Age:
Ho,Name:,Ho,,Age:
Ho,Name:,Ho,,Age:
Ho,Name:,Ho,,Age:
Ho,Name:,Ho,,Age:
Ho,Name:,Ho,,Age:
Ho,Name:,Ho,,Age:
Ho,Name:,Ho,,Age:
Ho,Name:,Ho,,Age:
Ho,Name:,Ho,,Age:
Ho,Name:,Ho,,Age:
Ho,Name:,Ho,,Age:
Ho,Name:,Ho,,Age:
Ho,Name:,Ho,,Age:
Ho,Name:,Ho,,Age:
Ho,Name:,Ho,,Age:
Ho,Name:,Ho,,Age:
Ho,Name:,Ho,,Age:
Ho,Name:,Ho,,Age:
Ho,Name:,Ho,,Age:
Ho,Name:,Ho,,Age:
Ho,Name:,Ho,,Age:
Ho,Name:,Ho,,Age:
Ho,Name:,Ho,,Age:
Ho,Name:,Ho,,Age:
Ho,Name:,Ho,,Age:
Ho,Name:,Ho,,Age:
Ho,Name:,Ho,,Age:
He,Name:,He,,Age:
He,Name:,PC,,Age:
He,Name:,HC,,Age:
He,Name:,PSC,,Age:
He,Name:,PC,,Age:
He,Name:,PC,,Age:
He,Name:,PSC,,Age:
He,Name:,HC,,Age:
He,Name:,ERR,,Age:
He,Name:,PSC,,Age:
He,Name:,HC,,Age:
He,Name:,HC,,Age:
He,Name:,PC,,Age:
He,Name:,PC,,Age:
He,Name:,PC,,Age:
He,Name:,PC,,Age:
He,Name:,PSC,,Age:
He,Name:,HC,,Age:
He,Name:,PSC,,Age:
He,Name:,PSC,,Age:
He,Name:,PC,,Age:
He,Name:,HC,,Age:
He,Name:,PC,,Age:
He,Name:,HC,,Age:
He,Name:,PSC,,Age:
He,Name:,PC,,Age:
He,Name:,PC,,Age:
He,Name:,PC,,Age:
He,Name:,Ho,,Age:
He,Name:,Ho,,Age:
He,Name:,Ho,,Age:
He,Name:,Ho,,Age:
He,Name:,Ho,,Age:
He,Name:,Ho,,Age:
He,Name:,Ho,,Age:
He,Name:,Ho,,Age:
He,Name:,Ho,,Age:
He,Name:,Ho,,Age:
He,Name:,Ho,,Age:
He,Name:,Ho,,Age:
He,Name:,Ho,,Age:
He,Name:,Ho,,Age:
He,Name:,Ho,,Age:
He,Name:,Ho,,Age:
He,Name:,Ho,,Age:
He,Name:,Ho,,Age:
He,Name:,Ho,,Age:
He,Name:,Ho,,Age:
He,Name:,Ho,,Age:
He,Name:,Ho,,Age:
He,Name:,Ho,,Age:
He,Name:,Ho,,Age:
He,Name:,Ho,,Age:
He,Name:,Ho,,Age:
He,Name:,Ho,,Age:
He,Name:,Ho,,Age:
He,Name:,Ho,,Age:
He,Name:,Ho,,Age:
He,Name:,Ho,,Age:
He,Name:,Ho,,Age:
He,Name:,Ho,,Age:
He,Name:,Ho,,Age:
He,Name:,Ho,,Age:
He,Name:,Ho,,Age:
He,Name:,Ho,,Age:
He,Name:,Ho,,Age:
He,Name:,Ho,,Age:
He,Name:,Ho,,Age:
He,Name:,Ho,,Age:
He,Name:,Ho,,Age:
He,Name:,Ho,,Age:
He,Name:,Ho,,Age:
He,Name:,Ho,,Age:
He,Name:,Ho,,Age:
He,Name:,Ho,,Age:
He,Name:,Ho,,Age:
He,Name:,Ho,,Age:
He,Name:,Ho,,Age:
He,Name:,Ho,,Age:
He,Name:,Ho,,Age:
He,Name:,Ho,,Age:
He,Name:,Ho,,Age:
He,Name:,Ho,,Age:
He,Name:,Ho,,Age:
He,Name:,Ho,,Age:
He,Name:,Ho,,Age:
He,Name:,Ho,,Age:
He,Name:,Ho,,Age:
He,Name:,Ho,,Age:
He,Name:,Ho,,Age:
He,Name:,Ho,,Age:
He,Name:,Ho,,Age:
He,Name:,Ho,,Age:
He,Name:,Ho,,Age:
He,Name:,Ho,,Age:
He,Name:,Ho,,Age:
He,Name:,Ho,,Age:
He,Name:,Ho,,Age:
He,Name:,Ho,,Age:
He,Name:,Ho,,Age:
He,Name:,Ho,,Age:
He,Name:,Ho,,Age:
He,Name:,Ho,,Age:
He,Name:,Ho,,Age:
He,Name:,Ho,,Age:
He,Name:,Ho,,Age:
He,Name:,Ho,,Age:
He,Name:,Ho,,Age:
He,Name:,Ho,,Age:
He,Name:,Ho,,Age:
He,Name:,Ho,,Age:
He,Name:,Ho,,Age:
He,Name:,Ho,,Age:
He,Name:,Ho,,Age:
He,Name:,Ho,,Age:
He,Name:,Ho,,Age:
He,Name:,Ho,,Age:
He,Name:,Ho,,Age:
He,Name:,Ho,,Age:
He,Name:,Ho,,Age:
He,Name:,Ho,,Age:
He,Name:,Ho,,Age:
He,Name:,Ho,,Age:
He,Name:,Ho,,Age:
He,Name:,Ho,,Age:
He,Name:,Ho,,Age:
He,Name:,Ho,,Age:
He,Name:,Ho,,Age:
He,Name:,Ho,,Age:
He,Name:,Ho,,Age:
He,Name:,Ho,,Age:
He,Name:,Ho,,Age:
He,Name:,Ho,,Age:
He,Name:,Ho,,Age:
He,Name:,Ho,,Age:
He,Name:,Ho,,Age:
He,Name:,Ho,,Age:
He,Name:,Ho,,Age:
He,Name:,Ho,,Age:
He,Name:,Ho,,Age:
He,Name:,Ho,,Age:
He,Name:,Ho,,Age:
He,Name:,Ho,,Age:
He,Name:,Ho,,Age:
He,Name:,Ho,,Age:
He,Name:,Ho,,Age:
He,Name:,Ho,,Age:
He,Name:,Ho,,Age:
He,Name:,Ho,,Age:
He,Name:,Ho,,Age:
He,Name:,Ho,,Age:
He,Name:,Ho,,Age:
He,Name:,Ho,,Age:
He,Name:,Ho,,Age:
He,Name:,Ho,,Age:
He,Name:,Ho,,Age:
He,Name:,Ho,,Age:
He,Name:,Ho,,Age:
He,Name:,Ho,,Age:
He,Name:,Ho,,Age:
He,Name:,Ho,,Age:
He,Name:,Ho,,Age:
He,Name:,Ho,,Age:
He,Name:,Ho,,Age:
He,Name:,Ho,,Age:
He,Name:,Ho,,Age:
He,Name:,Ho,,Age:
He,Name:,Ho,,Age:
He,Name:,Ho,,Age:
He,Name:,Ho,,Age:
He,Name:,Ho,,Age:
He,Name:,Ho,,Age:
He,Name:,Ho,,Age:
He,Name:,Ho,,Age:
He,Name:,Ho,,Age:
He,Name:,Ho,,Age:
He,Name:,Ho,,Age:
He,Name:,Ho,,Age:
He,Name:,Ho,,Age:
He,Name:,Ho,,Age:
He,Name:,Ho,,Age:
He,Name:,Ho,,Age:
He,Name:,Ho,,Age:
He,Name:,Ho,,Age:
He,Name:,Ho,,Age:
He,Name:,Ho,,Age:
He,Name:,Ho,,Age:
He,Name:,Ho,,Age:
He,Name:,Ho,,Age:
He,Name:,Ho,,Age:
He,Name:,Ho,,Age:
He,Name:,Ho,,Age:
He,Name:,Ho,,Age:
He,Name:,Ho,,Age:
He,Name:,Ho,,Age:
He,Name:,Ho,,Age:
He,Name:,Ho,,Age:
He,Name:,Ho,,Age:
He,Name:,Ho,,Age:
He,Name:,Ho,,Age:
He,Name:,Ho,,Age:
He,Name:,Ho,,Age:
He,Name:,Ho,,Age:
He,Name:,Ho,,Age:
He,Name:,Ho,,Age:
He,Name:,Ho,,Age:
He,Name:,Ho,,Age:
He,Name:,Ho,,Age:
He,Name:,Ho,,Age:
He,Name:,Ho,,Age:
He,Name:,Ho,,Age:
He,Name:,Ho,,Age:
He,Name:,Ho,,Age:
He,Name:,Ho,,Age:
He,Name:,Ho,,Age:
He,Name:,Ho,,Age:
He,Name:,Ho,,Age:
He,Name:,Ho,,Age:
He,Name:,Ho,,Age:
He,Name:,Ho,,Age:
He,Name:,Ho,,Age:
He,Name:,Ho,,Age:
He,Name:,Ho,,Age:
He,Name:,Ho,,Age:
He,Name:,Ho,,Age:
He,Name:,Ho,,Age:
He,Name:,Ho,,Age:
He,Name:,Ho,,Age:
He,Name:,Ho,,Age:
He,Name:,Ho,,Age:
He,Name:,Ho,,Age:
He,Name:,Ho,,Age:
He,Name:,Ho,,Age:
He,Name:,Ho,,Age:
He,Name:,Ho,,Age:
He,Name:,Ho,,Age:
He,Name:,Ho,,Age:
He,Name:,Ho,,Age:
He,Name:,Ho,,Age:
He,Name:,Ho,,Age:
He,Name:,Ho,,Age:
He,Name:,Ho,,Age:
He,Name:,Ho,,Age:
He,Name:,Ho,,Age:
He,Name:,Ho,,Age:
He,Name:,Ho,,Age:
He,Name:,Ho,,Age:
He,Name:,Ho,,Age:
He,Name:,Ho,,Age:
He,Name:,Ho,,Age:
He,Name:,Ho,,Age:
He,Name:,Ho,,Age:
He,Name:,Ho,,Age:
He,Name:,Ho,,Age:
He,Name:,Ho,,Age:
He,Name:,Ho,,Age:
He,Name:,Ho,,Age:
He,Name:,Ho,,Age:
He,Name:,Ho,,Age:
He,Name:,Ho,,Age:
He,Name:,Ho,,Age:
He,Name:,Ho,,Age:
He,Name:,Ho,,Age:
He,Name:,Ho,,Age:
He,Name:,Ho,,Age:
He,Name:,Ho,,Age:
He,Name:,Ho,,Age:
He,Name:,Ho,,Age:
He,Name:,Ho,,Age:
He,Name:,Ho,,Age:
He,Name:,Ho,,Age:
He,Name:,Ho,,Age:
He,Name:,Ho,,Age:
He,Name:,Ho,,Age:
He,Name:,Ho,,Age:
He,Name:,Ho,,Age:
He,Name:,Ho,,Age:
He,Name:,Ho,,Age:
He,Name:,Ho,,Age:
He,Name:,Ho,,Age:
He,Name:,Ho,,Age:
He,Name:,Ho,,Age:
He,Name:,Ho,,Age:
He,Name:,Ho,,Age:
He,Name:,Ho,,Age:
He,Name:,Ho,,Age:
He,Name:,Ho,,Age:
He,Name:,Ho,,Age:
He,Name:,Ho,,Age:
He,Name:,Ho,,Age:
He,Name:,Ho,,Age:
He,Name:,Ho,,Age:
He,Name:,Ho,,Age:
He,Name:,Ho,,Age:
He,Name:,Ho,,Age:
He,Name:,Ho,,Age:
He,Name:,Ho,,Age:
He,Name:,Ho,,Age:
He,Name:,Ho,,Age:
He,Name:,Ho,,Age:
He,Name:,Ho,,Age:
He,Name:,Ho,,Age:
He,Name:,Ho,,Age:
He,Name:,Ho,,Age:
He,Name:,Ho,,Age:
He,Name:,Ho,,Age:
He,Name:,Ho,,Age:
He,Name:,Ho,,Age:
He,Name:,Ho,,Age:
He,Name:,Ho,,Age:
He,Name:,Ho,,Age:
He,Name:,Ho,,Age:
He,Name:,Ho,,Age:
He,Name:,Ho,,Age:
He,Name:,Ho,,Age:
He,Name:,Ho,,Age:
He,Name:,Ho,,Age:
He,Name:,Ho,,Age:
He,Name:,Ho,,Age:
He,Name:,Ho,,Age:
He,Name:,Ho,,Age:
He,Name:,Ho,,Age:
He,Name:,Ho,,Age:
He,Name:,Ho,,Age:
He,Name:,Ho,,Age:
He,Name:,Ho,,Age:
He,Name:,Ho,,Age:
He,Name:,Ho,,Age:
He,Name:,Ho,,Age:
He,Name:,Ho,,Age:
He,Name:,Ho,,Age:
He,Name:,Ho,,Age:
He,Name:,Ho,,Age:
He,Name:,Ho,,Age:
He,Name:,Ho,,Age:
He,Name:,Ho,,Age:
He,Name:,Ho,,Age:
He,Name:,Ho,,Age:
He,Name:,Ho,,Age:
He,Name:,Ho,,Age:
He,Name:,Ho,,Age:
He,Name:,Ho,,Age:
He,Name:,Ho,,Age:
He,Name:,Ho,,Age:
He,Name:,Ho,,Age:
He,Name:,Ho,,Age:
He,Name:,Ho,,Age:
He,Name:,Ho,,Age:
He,Name:,Ho,,Age:
He,Name:,Ho,,Age:
He,Name:,Ho,,Age:
He,Name:,Ho,,Age:
He,Name:,Ho,,Age:
He,Name:,Ho,,Age:
He,Name:,Ho,,Age:
He,Name:,Ho,,Age:
He,Name:,Ho,,Age:
He,Name:,Ho,,Age:
He,Name:,Ho,,Age:
He,Name:,Ho,,Age:
He,Name:,Ho,,Age:
He,Name:,Ho,,Age:
He,Name:,Ho,,Age:
He,Name:,Ho,,Age:
He,Name:,Ho,,Age:
He,Name:,Ho,,Age:
He,Name:,Ho,,Age:
He,Name:,Ho,,Age:
He,Name:,Ho,,Age:
He,Name:,Ho,,Age:
He,Name:,Ho,,Age:
He,Name:,Ho,,Age:
He,Name:,Ho,,Age:
He,Name:,Ho,,Age:
He,Name:,Ho,,Age:
He,Name:,Ho,,Age:
He,Name:,Ho,,Age:
He,Name:,Ho,,Age:
He,Name:,Ho,,Age:
He,Name:,Ho,,Age:
He,Name:,Ho,,Age:
He,Name:,Ho,,Age:
He,Name:,Ho,,Age:
He,Name:,Ho,,Age:
He,Name:,Ho,,Age:
He,Name:,Ho,,Age:
He,Name:,Ho,,Age:
He,Name:,Ho,,Age:
He,Name:,Ho,,Age:
He,Name:,Ho,,Age:
He,Name:,Ho,,Age:
He,Name:,Ho,,Age:
He,Name:,Ho,,Age:
He,Name:,Ho,,Age:
He,Name:,Ho,,Age:
He,Name:,Ho,,Age:
He,Name:,Ho,,Age:
He,Name:,Ho,,Age:
He,Name:,Ho,,Age:
He,Name:,Ho,,Age:
He,Name:,Ho,,Age:
He,Name:,Ho,,Age:
He,Name:,Ho,,Age:
He,Name:,Ho,,Age:
He,Name:,Ho,,Age:
He,Name:,Ho,,Age:
He,Name:,Ho,,Age:
He,Name:,Ho,,Age:
He,Name:,Ho,,Age:
He,Name:,Ho,,Age:
He,Name:,Ho,,Age:
He,Name:,Ho,,Age:
He,Name:,Ho,,Age:
He,Name:,Ho,,Age:
He,Name:,Ho,,Age:
He,Name:,Ho,,Age:
He,Name:,Ho,,Age:
He,Name:,Ho,,Age:
He,Name:,Ho,,Age:
He,Name:,Ho,,Age:
He,Name:,Ho,,Age:
He,Name:,Ho,,Age:
He,Name:,Ho,,Age:
He,Name:,Ho,,Age:
He,Name:,Ho,,Age:
He,Name:,Ho,,Age:
He,Name:,Ho,,Age:
He,Name:,Ho,,Age:
He,Name:,Ho,,Age:
He,Name:,Ho,,Age:
He,Name:,Ho,,Age:
He,Name:,Ho,,Age:
He,Name:,Ho,,Age:
He,Name:,Ho,,Age:
He,Name:,Ho,,Age:
He,Name:,Ho,,Age:
He,Name:,Ho,,Age:
He,Name:,Ho,,Age:
He,Name:,Ho,,Age:
He,Name:,Ho,,Age:
He,Name:,Ho,,Age:
He,Name:,Ho,,Age:
He,Name:,Ho,,Age:
He,Name:,Ho,,Age:
He,Name:,Ho,,Age:
He,Name:,Ho,,Age:
He,Name:,Ho,,Age:
He,Name:,Ho,,Age:
He,Name:,Ho,,Age:
He,Name:,Ho,,Age:
He,Name:,Ho,,Age:
He,Name:,Ho,,Age:
He,Name:,Ho,,Age:
He,Name:,Ho,,Age:
He,Name:,Ho,,Age:
He,Name:,Ho,,Age:
He,Name:,Ho,,Age:
He,Name:,Ho,,Age:
He,Name:,Ho,,Age:
He,Name:,Ho,,Age:
He,Name:,Ho,,Age:
He,Name:,Ho,,Age:
He,Name:,Ho,,Age:
He,Name:,Ho,,Age:
He,Name:,Ho,,Age:
He,Name:,Ho,,Age:
He,Name:,Ho,,Age:
He,Name:,Ho,,Age:
He,Name:,Ho,,Age:
He,Name:,Ho,,Age:
He,Name:,Ho,,Age:
He,Name:,Ho,,Age:
He,Name:,Ho,,Age:
He,Name:,Ho,,Age:
He,Name:,Ho,,Age:
He,Name:,Ho,,Age:
He,Name:,Ho,,Age:
He,Name:,Ho,,Age:
He,Name:,Ho,,Age:
He,Name:,Ho,,Age:
He,Name:,Ho,,Age:
He,Name:,Ho,,Age:
He,Name:,Ho,,Age:
He,Name:,Ho,,Age:
He,Name:,Ho,,Age:
He,Name:,Ho,,Age:
He,Name:,Ho,,Age:
He,Name:,Ho,,Age:
He,Name:,Ho,,Age:
He,Name:,Ho,,Age:
He,Name:,Ho,,Age:
He,Name:,Ho,,Age:
He,Name:,Ho,,Age:
He,Name:,Ho,,Age:
He,Name:,Ho,,Age:
He,Name:,Ho,,Age:
He,Name:,Ho,,Age:
He,Name:,Ho,,Age:
He,Name:,Ho,,Age:
He,Name:,Ho,,Age:
He,Name:,Ho,,Age:
He,Name:,Ho,,Age:
He,Name:,Ho,,Age:
He,Name:,Ho,,Age:
He,Name:,Ho,,Age:
He,Name:,Ho,,Age:
He,Name:,Ho,,Age:
He,Name:,Ho,,Age:
He,Name:,Ho,,Age:
He,Name:,Ho,,Age:
He,Name:,Ho,,Age:
He,Name:,Ho,,Age:
He,Name:,Ho,,Age:
He,Name:,Ho,,Age:
He,Name:,Ho,,Age:
He,Name:,Ho,,Age:
He,Name:,Ho,,Age:
He,Name:,Ho,,Age:
He,Name:,Ho,,Age:
He,Name:,Ho,,Age:
He,Name:,Ho,,Age:
He,Name:,Ho,,Age:
He,Name:,Ho,,Age:
He,Name:,Ho,,Age:
He,Name:,Ho,,Age:
He,Name:,Ho,,Age:
He,Name:,Ho,,Age:
He,Name:,Ho,,Age:
He,Name:,Ho,,Age:
He,Name:,Ho,,Age:
He,Name:,Ho,,Age:
He,Name:,Ho,,Age:
He,Name:,Ho,,Age:
He,Name:,Ho,,Age:
He,Name:,Ho,,Age:
He,Name:,Ho,,Age:
He,Name:,Ho,,Age:
He,Name:,Ho,,Age:
He,Name:,Ho,,Age:
He,Name:,Ho,,Age:
He,Name:,Ho,,Age:
He,Name:,Ho,,Age:
He,Name:,Ho,,Age:
He,Name:,Ho,,Age:
He,Name:,Ho,,Age:
He,Name:,Ho,,Age:
He,Name:,Ho,,Age:
He,Name:,Ho,,Age:
He,Name:,Ho,,Age:
He,Name:,Ho,,Age:
He,Name:,Ho,,Age:
He,Name:,Ho,,Age:
He,Name:,Ho,,Age:
He,Name:,Ho,,Age:
He,Name:,Ho,,Age:
He,Name:,Ho,,Age:
He,Name:,Ho,,Age:
He,Name:,Ho,,Age:
He,Name:,Ho,,Age:
He,Name:,Ho,,Age:
He,Name:,Ho,,Age:
He,Name:,Ho,,Age:
He,Name:,Ho,,Age:
He,Name:,Ho,,Age:
He,Name:,Ho,,Age:
He,Name:,Ho,,Age:
He,Name:,Ho,,Age:
He,Name:,Ho,,Age:
He,Name:,Ho,,Age:
He,Name:,Ho,,Age:
He,Name:,Ho,,Age:
He,Name:,Ho,,Age:
He,Name:,Ho,,Age:
He,Name:,Ho,,Age:
He,Name:,Ho,,Age:
He,Name:,Ho,,Age:
He,Name:,Ho,,Age:
He,Name:,Ho,,Age:
He,Name:,Ho,,Age:
He,Name:,Ho,,Age:
He,Name:,Ho,,Age:
He,Name:,Ho,,Age:
He,Name:,Ho,,Age:
He,Name:,Ho,,Age:
He,Name:,Ho,,Age:
He,Name:,Ho,,Age:
He,Name:,Ho,,Age:
He,Name:,Ho,,Age:
He,Name:,Ho,,Age:
He,Name:,Ho,,Age:
He,Name:,Ho,,Age:
He,Name:,Ho,,Age:
He,Name:,Ho,,Age:
He,Name:,Ho,,Age:
He,Name:,Ho,,Age:
He,Name:,Ho,,Age:
He,Name:,Ho,,Age:
He,Name:,Ho,,Age:
He,Name:,Ho,,Age:
He,Name:,Ho,,Age:
He,Name:,Ho,,Age:
He,Name:,Ho,,Age:
He,Name:,Ho,,Age:
He,Name:,Ho,,Age:
He,Name:,Ho,,Age:
He,Name:,Ho,,Age:
He,Name:,Ho,,Age:
He,Name:,Ho,,Age:
He,Name:,Ho,,Age:
He,Name:,Ho,,Age:
He,Name:,Ho,,Age:
He,Name:,Ho,,Age:
He,Name:,Ho,,Age:
He,Name:,Ho,,Age:
He,Name:,Ho,,Age:
He,Name:,Ho,,Age:
He,Name:,Ho,,Age:
He,Name:,Ho,,Age:
He,Name:,Ho,,Age:
He,Name:,Ho,,Age:
He,Name:,Ho,,Age:
He,Name:,Ho,,Age:
He,Name:,Ho,,Age:
He,Name:,Ho,,Age:
He,Name:,Ho,,Age:
He,Name:,Ho,,Age:
He,Name:,Ho,,Age:
He,Name:,Ho,,Age:
He,Name:,Ho,,Age:
He,Name:,Ho,,Age:
He,Name:,Ho,,Age:
He,Name:,Ho,,Age:
He,Name:,Ho,,Age:
He,Name:,Ho,,Age:
He,Name:,Ho,,Age:
He,Name:,Ho,,Age:
He,Name:,Ho,,Age:
He,Name:,Ho,,Age:
He,Name:,Ho,,Age:
He,Name:,Ho,,Age:
He,Name:,Ho,,Age:
He,Name:,Ho,,Age:
He,Name:,Ho,,Age:
He,Name:,Ho,,Age:
He,Name:,Ho,,Age:
He,Name:,Ho,,Age:
He,Name:,Ho,,Age:
He,Name:,Ho,,Age:
He,Name:,Ho,,Age:
He,Name:,Ho,,Age:
He,Name:,Ho,,Age:
He,Name:,Ho,,Age:
He,Name:,Ho,,Age:
He,Name:,Ho,,Age:
He,Name:,Ho,,Age:
He,Name:,Ho,,Age:
He,Name:,Ho,,Age:
He,Name:,Ho,,Age:
He,Name:,Ho,,Age:
He,Name:,Ho,,Age:
He,Name:,Ho,,Age:
He,Name:,Ho,,Age:
He,Name:,Ho,,Age:
He,Name:,Ho,,Age:
He,Name:,Ho,,Age:
He,Name:,Ho,,Age:
He,Name:,Ho,,Age:
He,Name:,Ho,,Age:
He,Name:,Ho,,Age:
He,Name:,Ho,,Age:
He,Name:,Ho,,Age:
He,Name:,Ho,,Age:
He,Name:,Ho,,Age:
He,Name:,Ho,,Age:
He,Name:,Ho,,Age:
He,Name:,Ho,,Age:
He,Name:,Ho,,Age:
He,Name:,Ho,,Age:
He,Name:,Ho,,Age:
He,Name:,Ho,,Age:
He,Name:,Ho,,Age:
He,Name:,Ho,,Age:
He,Name:,Ho,,Age:
He,Name:,Ho,,Age:
He,Name:,Ho,,Age:
He,Name:,Ho,,Age:
He,Name:,Ho,,Age:
He,Name:,Ho,,Age:
He,Name:,Ho,,Age:
He,Name:,Ho,,Age:
He,Name:,Ho,,Age:
He,Name:,Ho,,Age:
He,Name:,Ho,,Age:
He,Name:,Ho,,Age:
He,Name:,Ho,,Age:
He,Name:,Ho,,Age:
He,Name:,Ho,,Age:
He,Name:,Ho,,Age:
He,Name:,Ho,,Age:
He,Name:,Ho,,Age:
He,Name:,Ho,,Age:
He,Name:,Ho,,Age:
He,Name:,Ho,,Age:
He,Name:,Ho,,Age:
He,Name:,Ho,,Age:
He,Name:,Ho,,Age:
He,Name:,Ho,,Age:
He,Name:,Ho,,Age:
He,Name:,Ho,,Age:
He,Name:,Ho,,Age:
He,Name:,Ho,,Age:
He,Name:,Ho,,Age:
He,Name:,Ho,,Age:
He,Name:,Ho,,Age:
He,Name:,Ho,,Age:
He,Name:,Ho,,Age:
He,Name:,Ho,,Age:
He,Name:,Ho,,Age:
He,Name:,Ho,,Age:
He,Name:,Ho,,Age:
He,Name:,Ho,,Age:
He,Name:,Ho,,Age:
He,Name:,Ho,,Age:
He,Name:,Ho,,Age:
He,Name:,Ho,,Age:
He,Name:,Ho,,Age:
He,Name:,Ho,,Age:
He,Name:,Ho,,Age:
He,Name:,Ho,,Age:
He,Name:,Ho,,Age:
He,Name:,Ho,,Age:
He,Name:,Ho,,Age:
He,Name:,Ho,,Age:
He,Name:,Ho,,Age:
He,Name:,Ho,,Age:
He,Name:,Ho,,Age:
He,Name:,Ho,,Age:
He,Name:,Ho,,Age:
He,Name:,Ho,,Age:
He,Name:,Ho,,Age:
He,Name:,Ho,,Age:
He,Name:,Ho,,Age:
He,Name:,Ho,,Age:
He,Name:,Ho,,Age:
He,Name:,Ho,,Age:
He,Name:,Ho,,Age:
He,Name:,Ho,,Age:
He,Name:,Ho,,Age:
He,Name:,Ho,,Age:
He,Name:,Ho,,Age:
He,Name:,Ho,,Age:
He,Name:,Ho,,Age:
He,Name:,Ho,,Age:
He,Name:,Ho,,Age:
He,Name:,Ho,,Age:
He,Name:,Ho,,Age:
He,Name:,Ho,,Age:
He,Name:,Ho,,Age:
He,Name:,Ho,,Age:
He,Name:,Ho,,Age:
He,Name:,Ho,,Age:
He,Name:,Ho,,Age:
He,Name:,Ho,,Age:
He,Name:,Ho,,Age:
He,Name:,Ho,,Age:
He,Name:,Ho,,Age:
He,Name:,Ho,,Age:
He,Name:,Ho,,Age:
He,Name:,Ho,,Age:
He,Name:,Ho,,Age:
He,Name:,Ho,,Age:
He,Name:,Ho,,Age:
He,Name:,Ho,,Age:
He,Name:,Ho,,Age:
He,Name:,Ho,,Age:
He,Name:,Ho,,Age:
He,Name:,Ho,,Age:
He,Name:,Ho,,Age:
He,Name:,Ho,,Age:
He,Name:,Ho,,Age:
He,Name:,Ho,,Age:
He,Name:,Ho,,Age:
He,Name:,Ho,,Age:
He,Name:,Ho,,Age:
He,Name:,Ho,,Age:
He,Name:,Ho,,Age:
He,Name:,Ho,,Age:
He,Name:,Ho,,Age:
He,Name:,Ho,,Age:
He,Name:,Ho,,Age:
He,Name:,Ho,,Age:
He,Name:,Ho,,Age:
He,Name:,Ho,,Age:
He,Name:,Ho,,Age:
He,Name:,Ho,,Age:
He,Name:,Ho,,Age:
He,Name:,Ho,,Age:
He,Name:,Ho,,Age:
He,Name:,Ho,,Age:
He,Name:,Ho,,Age:
He,Name:,Ho,,Age:
He,Name:,Ho,,Age:
He,Name:,Ho,,Age:
He,Name:,Ho,,Age:
He,Name:,Ho,,Age:
He,Name:,Ho,,Age:
He,Name:,Ho,,Age:
He,Name:,Ho,,Age:
He,Name:,Ho,,Age:
He,Name:,Ho,,Age:
He,Name:,Ho,,Age:
He,Name:,Ho,,Age:
He,Name:,Ho,,Age:
He,Name:,Ho,,Age:
He,Name:,Ho,,Age:
He,Name:,Ho,,Age:
He,Name:,Ho,,Age:
He,Name:,Ho,,Age:
He,Name:,Ho,,Age:
He,Name:,Ho,,Age:
He,Name:,Ho,,Age:
He,Name:,Ho,,Age:
He,Name:,Ho,,Age:
He,Name:,Ho,,Age:
He,Name:,Ho,,Age:
He,Name:,Ho,,Age:
He,Name:,Ho,,Age:
He,Name:,Ho,,Age:
He,Name:,Ho,,Age:
He,Name:,Ho,,Age:
He,Name:,Ho,,Age:
He,Name:,Ho,,Age:
He,Name:,Ho,,Age:
He,Name:,Ho,,Age:
He,Name:,Ho,,Age:
He,Name:,Ho,,Age:
He,Name:,Ho,,Age:
He,Name:,Ho,,Age:
He,Name:,Ho,,Age:
He,Name:,Ho,,Age:
He,Name:,Ho,,Age:
He,Name:,Ho,,Age:
He,Name:,Ho,,Age:
He,Name:,Ho,,Age:
He,Name:,Ho,,Age:
He,Name:,Ho,,Age:
He,Name:,Ho,,Age:
He,Name:,Ho,,Age:
He,Name:,Ho,,Age:
He,Name:,Ho,,Age:
He,Name:,Ho,,Age:
He,Name:,Ho,,Age:
He,Name:,Ho,,Age:
He,Name:,Ho,,Age:
He,Name:,Ho,,Age:
He,Name:,Ho,,Age:
He,Name:,Ho,,Age:
He,Name:,Ho,,Age:
He,Name:,Ho,,Age:
He,Name:,Ho,,Age:
He,Name:,Ho,,Age:
He,Name:,Ho,,Age:
He,Name:,Ho,,Age:
He,Name:,Ho,,Age:
He,Name:,Ho,,Age:
He,Name:,Ho,,Age:
He,Name:,Ho,,Age:
He,Name:,Ho,,Age:
He,Name:,Ho,,Age:
He,Name:,Ho,,Age:
He,Name:,Ho,,Age:
He,Name:,Ho,,Age:
He,Name:,Ho,,Age:
He,Name:,Ho,,Age:
He,Name:,Ho,,Age:
He,Name:,Ho,,Age:
He,Name:,Ho,,Age:
He,Name:,Ho,,Age:
He,Name:,Ho,,Age:
He,Name:,Ho,,Age:
He,Name:,Ho,,Age:
He,Name:,Ho,,Age:
He,Name:,Ho,,Age:
He,Name:,Ho,,Age:
He,Name:,Ho,,Age:
He,Name:,Ho,,Age:
He,Name:,Ho,,Age:
He,Name:,Ho,,Age:
He,Name:,Ho,,Age:
He,Name:,Ho,,Age:
He,Name:,Ho,,Age:
He,Name:,Ho,,Age:
He,Name:,Ho,,Age:
He,Name:,Ho,,Age:
He,Name:,Ho,,Age:
He,Name:,Ho,,Age:
He,Name:,Ho,,Age:
He,Name:,Ho,,Age:
He,Name:,Ho,,Age:
He,Name:,Ho,,Age:
He,Name:,Ho,,Age:
He,Name:,Ho,,Age:
He,Name:,Ho,,Age:
He,Name:,Ho,,Age:
He,Name:,Ho,,Age:
He,Name:,Ho,,Age:
He,Name:,Ho,,Age:
He,Name:,Ho,,Age:
He,Name:,Ho,,Age:
He,Name:,Ho,,Age:
He,Name:,Ho,,Age:
He,Name:,Ho,,Age:
He,Name:,Ho,,Age:
He,Name:,Ho,,Age:
He,Name:,Ho,,Age:
He,Name:,Ho,,Age:
He,Name:,Ho,,Age:
He,Name:,Ho,,Age:
He,Name:,Ho,,Age:
He,Name:,Ho,,Age:
He,Name:,Ho,,Age:
He,Name:,Ho,,Age:
He,Name:,Ho,,Age:
He,Name:,Ho,,Age:
He,Name:,Ho,,Age:
He,Name:,Ho,,Age:
He,Name:,Ho,,Age:
He,Name:,Ho,,Age:
He,Name:,Ho,,Age:
He,Name:,Ho,,Age:
He,Name:,Ho,,Age:
He,Name:,Ho,,Age:
He,Name:,Ho,,Age:
He,Name:,Ho,,Age:
He,Name:,Ho,,Age:
He,Name:,Ho,,Age:
He,Name:,Ho,,Age:
He,Name:,Ho,,Age:
He,Name:,Ho,,Age:
He,Name:,Ho,,Age:
He,Name:,Ho,,Age:
He,Name:,Ho,,Age:
He,Name:,Ho,,Age:
He,Name:,Ho,,Age:
He,Name:,Ho,,Age:
He,Name:,Ho,,Age:
He,Name:,Ho,,Age:
He,Name:,Ho,,Age:
He,Name:,Ho,,Age:
He,Name:,Ho,,Age:
He,Name:,Ho,,Age:
He,Name:,Ho,,Age:
He,Name:,Ho,,Age:
He,Name:,Ho,,Age:
He,Name:,Ho,,Age:
He,Name:,Ho,,Age:
He,Name:,Ho,,Age:
He,Name:,Ho,,Age:
He,Name:,Ho,,Age:
He,Name:,Ho,,Age:
He,Name:,Ho,,Age:
He,Name:,Ho,,Age:
He,Name:,Ho,,Age:
He,Name:,Ho,,Age:
He,Name:,Ho,,Age:
He,Name:,Ho,,Age:
He,Name:,Ho,,Age:
He,Name:,Ho,,Age:
He,Name:,Ho,,Age:
He,Name:,Ho,,Age:
He,Name:,Ho,,Age:
He,Name:,Ho,,Age:
He,Name:,Ho,,Age:
He,Name:,Ho,,Age:
He,Name:,Ho,,Age:
He,Name:,Ho,,Age:
He,Name:,Ho,,Age:
He,Name:,Ho,,Age:
He,Name:,Ho,,Age:
He,Name:,Ho,,Age:
He,Name:,Ho,,Age:
He,Name:,Ho,,Age:
He,Name:,Ho,,Age:
He,Name:,Ho,,Age:
He,Name:,Ho,,Age:
He,Name:,Ho,,Age:
He,Name:,Ho,,Age:
He,Name:,Ho,,Age:
He,Name:,Ho,,Age:
He,Name:,Ho,,Age:
He,Name:,Ho,,Age:
He,Name:,Ho,,Age:
He,Name:,Ho,,Age:
He,Name:,Ho,,Age:
He,Name:,Ho,,Age:
He,Name:,Ho,,Age:
He,Name:,Ho,,Age:
He,Name:,Ho,,Age:
He,Name:,Ho,,Age:
He,Name:,Ho,,Age:
He,Name:,Ho,,Age:
He,Name:,Ho,,Age:
He,Name:,Ho,,Age:
He,Name:,Ho,,Age:
He,Name:,Ho,,Age:
He,Name:,Ho,,Age:
He,Name:,Ho,,Age:
He,Name:,Ho,,Age:
He,Name:,Ho,,Age:
He,Name:,Ho,,Age:
He,Name:,Ho,,Age:
He,Name:,Ho,,Age:
He,Name:,Ho,,Age:
He,Name:,Ho,,Age:
He,Name:,Ho,,Age:
He,Name:,Ho,,Age:
He,Name:,Ho,,Age:
He,Name:,Ho,,Age:
He,Name:,Ho,,Age:
He,Name:,Ho,,Age:
He,Name:,Ho,,Age:
He,Name:,Ho,,Age:
He,Name:,Ho,,Age:
He,Name:,Ho,,Age:
He,Name:,Ho,,Age:
He,Name:,Ho,,Age:
He,Name:,Ho,,Age:
He,Name:,Ho,,Age:
He,Name:,Ho,,Age:
He,Name:,Ho,,Age:
He,Name:,Ho,,Age:
He,Name:,Ho,,Age:
He,Name:,Ho,,Age:
He,Name:,Ho,,Age:
He,Name:,Ho,,Age:
He,Name:,Ho,,Age:
He,Name:,Ho,,Age:
He,Name:,Ho,,Age:
He,Name:,Ho,,Age:
He,Name:,Ho,,Age:
He,Name:,Ho,,Age:
He,Name:,Ho,,Age:
He,Name:,Ho,,Age:
He,Name:,Ho,,Age:
He,Name:,Ho,,Age:
He,Name:,Ho,,Age:
He,Name:,Ho,,Age:
He,Name:,Ho,,Age:
He,Name:,Ho,,Age:
He,Name:,Ho,,Age:
He,Name:,Ho,,Age:
He,Name:,Ho,,Age:
He,Name:,Ho,,Age:
He,Name:,Ho,,Age:
He,Name:,Ho,,Age:
He,Name:,Ho,,Age:
He,Name:,Ho,,Age:
He,Name:,Ho,,Age:
He,Name:,Ho,,Age:
He,Name:,Ho,,Age:
He,Name:,Ho,,Age:
He,Name:,Ho,,Age:
He,Name:,Ho,,Age:
He,Name:,Ho,,Age:
He,Name:,Ho,,Age:
He,Name:,Ho,,Age:
He,Name:,Ho,,Age:
He,Name:,Ho,,Age:
He,Name:,Ho,,Age:
He,Name:,Ho,,Age:
He,Name:,Ho,,Age:
He,Name:,Ho,,Age:
He,Name:,Ho,,Age:
He,Name:,Ho,,Age:
He,Name:,Ho,,Age:
He,Name:,Ho,,Age:
He,Name:,Ho,,Age:
He,Name:,Ho,,Age:
He,Name:,Ho,,Age:
He,Name:,Ho,,Age:
He,Name:,Ho,,Age:
He,Name:,Ho,,Age:
He,Name:,Ho,,Age:
He,Name:,Ho,,Age:
He,Name:,Ho,,Age:
He,Name:,Ho,,Age:
He,Name:,Ho,,Age:
He,Name:,Ho,,Age:
He,Name:,Ho,,Age:
He,Name:,Ho,,Age:
He,Name:,Ho,,Age:
He,Name:,Ho,,Age:
He,Name:,Ho,,Age:
He,Name:,Ho,,Age:
He,Name:,Ho,,Age:
He,Name:,Ho,,Age:
He,Name:,Ho,,Age:
He,Name:,Ho,,Age:
He,Name:,Ho,,Age:
He,Name:,Ho,,Age:
He,Name:,Ho,,Age:
He,Name:,Ho,,Age:
He,Name:,Ho,,Age:
He,Name:,Ho,,Age:
He,Name:,Ho,,Age:
He,Name:,Ho,,Age:
He,Name:,Ho,,Age:
He,Name:,Ho,,Age:
He,Name:,Ho,,Age:
He,Name:,Ho,,Age:
He,Name:,Ho,,Age:
He,Name:,Ho,,Age:
He,Name:,Ho,,Age:
He,Name:,Ho,,Age:
He,Name:,Ho,,Age:
He,Name:,Ho,,Age:
He,Name:,Ho,,Age:
He,Name:,Ho,,Age:
He,Name:,Ho,,Age:
He,Name:,Ho,,Age:
He,Name:,Ho,,Age:
He,Name:,Ho,,Age:
He,Name:,Ho,,Age:
He,Name:,Ho,,Age:
He,Name:,Ho,,Age:
He,Name:,Ho,,Age:
He,Name:,Ho,,Age:
He,Name:,Ho,,Age:
He,Name:,Ho,,Age:
He,Name:,Ho,,Age:
He,Name:,Ho,,Age:
He,Name:,Ho,,Age:
He,Name:,Ho,,Age:
He,Name:,Ho,,Age:
He,Name:,Ho,,Age:
He,Name:,Ho,,Age:
He,Name:,Ho,,Age:
He,Name:,Ho,,Age:
He,Name:,Ho,,Age:
He,Name:,Ho,,Age:
He,Name:,Ho,,Age:
He,Name:,Ho,,Age:
He,Name:,Ho,,Age:
He,Name:,Ho,,Age:
He,Name:,Ho,,Age:
He,Name:,Ho,,Age:
He,Name:,Ho,,Age:
He,Name:,Ho,,Age:
He,Name:,Ho,,Age:
He,Name:,Ho,,Age:
He,Name:,Ho,,Age:
He,Name:,Ho,,Age:
He,Name:,Ho,,Age:
He,Name:,Ho,,Age:
He,Name:,Ho,,Age:
He,Name:,Ho,,Age:
He,Name:,Ho,,Age:
He,Name:,Ho,,Age:
He,Name:,Ho,,Age:
He,Name:,Ho,,Age:
He,Name:,Ho,,Age:
He,Name:,Ho,,Age:
He,Name:,Ho,,Age:
He,Name:,Ho,,Age:
He,Name:,Ho,,Age:
He,Name:,Ho,,Age:
He,Name:,Ho,,Age:
He,Name:,Ho,,Age:
He,Name:,Ho,,Age:
He,Name:,Ho,,Age:
He,Name:,Ho,,Age:
He,Name:,Ho,,Age:
He,Name:,Ho,,Age:
He,Name:,Ho,,Age:
He,Name:,Ho,,Age:
He,Name:,Ho,,Age:
He,Name:,Ho,,Age:
He,Name:,Ho,,Age:
He,Name:,Ho,,Age:
He,Name:,Ho,,Age:
He,Name:,Ho,,Age:
He,Name:,Ho,,Age:
He,Name:,Ho,,Age:
He,Name:,Ho,,Age:
He,Name:,Ho,,Age:
He,Name:,Ho,,Age:
He,Name:,Ho,,Age:
He,Name:,Ho,,Age:
He,Name:,Ho,,Age:
He,Name:,Ho,,Age:
He,Name:,Ho,,Age:
He,Name:,Ho,,Age:
He,Name:,Ho,,Age:
He,Name:,Ho,,Age:
He,Name:,Ho,,Age:
He,Name:,Ho,,Age:
He,Name:,Ho,,Age:
He,Name:,Ho,,Age:
He,Name:,Ho,,Age:
He,Name:,Ho,,Age:
He,Name:,Ho,,Age:
He,Name:,Ho,,Age:
He,Name:,Ho,,Age:
He,Name:,Ho,,Age:
He,Name:,Ho,,Age:
He,Name:,Ho,,Age:
He,Name:,Ho,,Age:
He,Name:,Ho,,Age:
He,Name:,Ho,,Age:
He,Name:,Ho,,Age:
He,Name:,Ho,,Age:
He,Name:,Ho,,Age:
He,Name:,Ho,,Age:
He,Name:,Ho,,Age:
He,Name:,Ho,,Age:
He,Name:,Ho,,Age:
He,Name:,Ho,,Age:
He,Name:,Ho,,Age:
He,Name:,Ho,,Age:
He,Name:,Ho,,Age:
He,Name:,Ho,,Age:
He,Name:,Ho,,Age:
He,Name:,Ho,,Age:
He,Name:,Ho,,Age:
He,Name:,Ho,,Age:
He,Name:,Ho,,Age:
He,Name:,Ho,,Age:
He,Name:,Ho,,Age:
He,Name:,Ho,,Age:
He,Name:,Ho,,Age:
He,Name:,Ho,,Age:
He,Name:,Ho,,Age:
He,Name:,Ho,,Age:
He,Name:,Ho,,Age:
He,Name:,Ho,,Age:
He,Name:,Ho,,Age:
He,Name:,Ho,,Age:
He,Name:,Ho,,Age:
He,Name:,Ho,,Age:
He,Name:,Ho,,Age:
He,Name:,Ho,,Age:
He,Name:,Ho,,Age:
He,Name:,Ho,,Age:
He,Name:,Ho,,Age:
He,Name:,Ho,,Age:
He,Name:,Ho,,Age:
He,Name:,Ho,,Age:
He,Name:,Ho,,Age:
He,Name:,Ho,,Age:
He,Name:,Ho,,Age:
He,Name:,Ho,,Age:
He,Name:,Ho,,Age:
He,Name:,Ho,,Age:
He,Name:,Ho,,Age:
He,Name:,Ho,,Age:
He,Name:,Ho,,Age:
He,Name:,Ho,,Age:
He,Name:,Ho,,Age:
He,Name:,Ho,,Age:
He,Name:,Ho,,Age:
He,Name:,Ho,,Age:
He,Name:,Ho,,Age:
He,Name:,Ho,,Age:
He,Name:,Ho,,Age:
He,Name:,Ho,,Age:
He,Name:,Ho,,Age:
He,Name:,Ho,,Age:
He,Name:,Ho,,Age:
He,Name:,Ho,,Age:
He,Name:,Ho,,Age:
He,Name:,Ho,,Age:
He,Name:,Ho,,Age:
He,Name:,Ho,,Age:
He,Name:,Ho,,Age:
He,Name:,Ho,,Age:
He,Name:,Ho,,Age:
He,Name:,Ho,,Age:
He,Name:,Ho,,Age:
He,Name:,Ho,,Age:
He,Name:,Ho,,Age:
He,Name:,Ho,,Age:
He,Name:,Ho,,Age:
He,Name:,Ho,,Age:
He,Name:,Ho,,Age:
He,Name:,Ho,,Age:
He,Name:,Ho,,Age:
He,Name:,Ho,,Age:
He,Name:,Ho,,Age:
He,Name:,Ho,,Age:
He,Name:,Ho,,Age:
He,Name:,Ho,,Age:
He,Name:,Ho,,Age:
He,Name:,Ho,,Age:
He,Name:,Ho,,Age:
He,Name:,Ho,,Age:
He,Name:,Ho,,Age:
He,Name:,Ho,,Age:
He,Name:,Ho,,Age:
He,Name:,Ho,,Age:
He,Name:,Ho,,Age:
He,Name:,Ho,,Age:
He,Name:,Ho,,Age:
He,Name:,Ho,,Age:
He,Name:,Ho,,Age:
He,Name:,Ho,,Age:
He,Name:,Ho,,Age:
He,Name:,Ho,,Age:
He,Name:,Ho,,Age:
He,Name:,Ho,,Age:
He,Name:,Ho,,Age:
He,Name:,Ho,,Age:
He,Name:,Ho,,Age:
He,Name:,Ho,,Age:
He,Name:,Ho,,Age:
He,Name:,Ho,,Age:
He,Name:,Ho,,Age:
He,Name:,Ho,,Age:
He,Name:,Ho,,Age:
He,Name:,Ho,,Age:
He,Name:,Ho,,Age:
He,Name:,Ho,,Age:
He,Name:,Ho,,Age:
He,Name:,Ho,,Age:
He,Name:,Ho,,Age:
He,Name:,Ho,,Age:
He,Name:,Ho,,Age:
He,Name:,Ho,,Age:
He,Name:,Ho,,Age:
He,Name:,Ho,,Age:
He,Name:,Ho,,Age:
He,Name:,Ho,,Age:
He,Name:,Ho,,Age:
He,Name:,Ho,,Age:
He,Name:,Ho,,Age:
He,Name:,Ho,,Age:
He,Name:,Ho,,Age:
He,Name:,Ho,,Age:
He,Name:,Ho,,Age:
He,Name:,Ho,,Age:
He,Name:,Ho,,Age:
He,Name:,Ho,,Age:
He,Name:,Ho,,Age:
He,Name:,Ho,,Age:
He,Name:,Ho,,Age:
He,Name:,Ho,,Age:
He,Name:,Ho,,Age:
He,Name:,Ho,,Age:
He,Name:,Ho,,Age:
He,Name:,Ho,,Age:
He,Name:,Ho,,Age:
He,Name:,Ho,,Age:
He,Name:,Ho,,Age:
He,Name:,Ho,,Age:
He,Name:,Ho,,Age:
He,Name:,Ho,,Age:
He,Name:,Ho,,Age:
He,Name:,Ho,,Age:
He,Name:,Ho,,Age:
He,Name:,Ho,,Age:
He,Name:,Ho,,Age:
He,Name:,Ho,,Age:
He,Name:,Ho,,Age:
He,Name:,Ho,,Age:
He,Name:,Ho,,Age:
He,Name:,Ho,,Age:
He,Name:,Ho,,Age:
He,Name:,Ho,,Age:
He,Name:,Ho,,Age:
He,Name:,Ho,,Age:
He,Name:,Ho,,Age:
He,Name:,Ho,,Age:
He,Name:,Ho,,Age:
He,Name:,Ho,,Age:
He,Name:,Ho,,Age:
He,Name:,Ho,,Age:
He,Name:,Ho,,Age:
He,Name:,Ho,,Age:
He,Name:,Ho,,Age:
He,Name:,Ho,,Age:
He,Name:,Ho,,Age:
He,Name:,Ho,,Age:
He,Name:,Ho,,Age:
He,Name:,Ho,,Age:
He,Name:,Ho,,Age:
He,Name:,Ho,,Age:
He,Name:,Ho,,Age:
He,Name:,Ho,,Age:
He,Name:,Ho,,Age:
He,Name:,Ho,,Age:
He,Name:,Ho,,Age:
He,Name:,Ho,,Age:
He,Name:,Ho,,Age:
He,Name:,Ho,,Age:
He,Name:,Ho,,Age:
He,Name:,Ho,,Age:
He,Name:,Ho,,Age:
He,Name:,Ho,,Age:
He,Name:,Ho,,Age:
He,Name:,Ho,,Age:
He,Name:,Ho,,Age:
He,Name:,Ho,,Age:
He,Name:,Ho,,Age:
He,Name:,Ho,,Age:
He,Name:,Ho,,Age:
He,Name:,Ho,,Age:
He,Name:,Ho,,Age:
He,Name:,Ho,,Age:
He,Name:,Ho,,Age:
He,Name:,Ho,,Age:
He,Name:,Ho,,Age:
He,Name:,Ho,,Age:
He,Name:,Ho,,Age:
He,Name:,Ho,,Age:
He,Name:,Ho,,Age:
He,Name:,Ho,,Age:
He,Name:,Ho,,Age:
He,Name:,Ho,,Age:
He,Name:,Ho,,Age:
He,Name:,Ho,,Age:
He,Name:,Ho,,Age:
He,Name:,Ho,,Age:
He,Name:,Ho,,Age:
He,Name:,Ho,,Age:
He,Name:,Ho,,Age:
He,Name:,Ho,,Age:
He,Name:,Ho,,Age:
He,Name:,Ho,,Age:
He,Name:,Ho,,Age:
He,Name:,Ho,,Age:
He,Name:,Ho,,Age:
He,Name:,Ho,,Age:
He,Name:,Ho,,Age:
He,Name:,Ho,,Age:
He,Name:,Ho,,Age:
He,Name:,Ho,,Age:
He,Name:,Ho,,Age:
He,Name:,Ho,,Age:
He,Name:,Ho,,Age:
He,Name:,Ho,,Age:
He,Name:,Ho,,Age:
He,Name:,Ho,,Age:
He,Name:,Ho,,Age:
He,Name:,Ho,,Age:
He,Name:,Ho,,Age:
He,Name:,Ho,,Age:
He,Name:,Ho,,Age:
He,Name:,Ho,,Age:
He,Name:,Ho,,Age:
He,Name:,Ho,,Age:
He,Name:,Ho,,Age:
He,Name:,Ho,,Age:
He,Name:,Ho,,Age:
He,Name:,Ho,,Age:
He,Name:,Ho,,Age:
He,Name:,Ho,,Age:
He,Name:,Ho,,Age:
He,Name:,Ho,,Age:
He,Name:,Ho,,Age:
He,Name:,Ho,,Age:
He,Name:,Ho,,Age:
He,Name:,Ho,,Age:
He,Name:,Ho,,Age:
He,Name:,Ho,,Age:
He,Name:,Ho,,Age:
He,Name:,Ho,,Age:
He,Name:,Ho,,Age:
He,Name:,Ho,,Age:
He,Name:,Ho,,Age:
He,Name:,Ho,,Age:
He,Name:,Ho,,Age:
He,Name:,Ho,,Age:
He,Name:,Ho,,Age:
He,Name:,Ho,,Age:
He,Name:,Ho,,Age:
He,Name:,Ho,,Age:
He,Name:,Ho,,Age:
He,Name:,Ho,,Age:
He,Name:,Ho,,Age:
He,Name:,Ho,,Age:
He,Name:,Ho,,Age:
He,Name:,Ho,,Age:
He,Name:,Ho,,Age:
He,Name:,Ho,,Age:
He,Name:,Ho,,Age:
He,Name:,Ho,,Age:
He,Name:,Ho,,Age:
He,Name:,Ho,,Age:
He,Name:,Ho,,Age:
He,Name:,Ho,,Age:
He,Name:,Ho,,Age:
He,Name:,Ho,,Age:
He,Name:,Ho,,Age:
He,Name:,Ho,,Age:
He,Name:,Ho,,Age:
He,Name:,Ho,,Age:
He,Name:,Ho,,Age:
He,Name:,Ho,,Age:
He,Name:,Ho,,Age:
He,Name:,Ho,,Age:
He,Name:,Ho,,Age:
He,Name:,Ho,,Age:
He,Name:,Ho,,Age:
He,Name:,Ho,,Age:
He,Name:,Ho,,Age:
He,Name:,Ho,,Age:
He,Name:,Ho,,Age:
He,Name:,Ho,,Age:
He,Name:,Ho,,Age:
He,Name:,Ho,,Age:
He,Name:,Ho,,Age:
He,Name:,Ho,,Age:
He,Name:,Ho,,Age:
He,Name:,Ho,,Age:
He,Name:,Ho,,Age:
He,Name:,Ho,,Age:
He,Name:,Ho,,Age:
He,Name:,Ho,,Age:
He,Name:,Ho,,Age:
He,Name:,Ho,,Age:
He,Name:,Ho,,Age:
He,Name:,Ho,,Age:
He,Name:,Ho,,Age:
He,Name:,Ho,,Age:
He,Name:,Ho,,Age:
He,Name:,Ho,,Age:
He,Name:,Ho,,Age:
He,Name:,Ho,,Age:
He,Name:,Ho,,Age:
He,Name:,Ho,,Age:
He,Name:,Ho,,Age:
He,Name:,Ho,,Age:
He,Name:,Ho,,Age:
He,Name:,Ho,,Age:
He,Name:,Ho,,Age:
He,Name:,Ho,,Age:
He,Name:,Ho,,Age:
He,Name:,Ho,,Age:
He,Name:,Ho,,Age:
He,Name:,Ho,,Age:
He,Name:,Ho,,Age:
He,Name:,Ho,,Age:
He,Name:,Ho,,Age:
He,Name:,Ho,,Age:
He,Name:,Ho,,Age:
He,Name:,Ho,,Age:
He,Name:,Ho,,Age:
He,Name:,Ho,,Age:
He,Name:,Ho,,Age:
He,Name:,Ho,,Age:
He,Name:,Ho,,Age:
He,Name:,Ho,,Age:
He,Name:,Ho,,Age:
He,Name:,Ho,,Age:
He,Name:,Ho,,Age:
He,Name:,Ho,,Age:
He,Name:,Ho,,Age:
He,Name:,Ho,,Age:
He,Name:,Ho,,Age:
He,Name:,Ho,,Age:
He,Name:,Ho,,Age:
He,Name:,Ho,,Age:
He,Name:,Ho,,Age:
He,Name:,Ho,,Age:
He,Name:,Ho,,Age:
He,Name:,Ho,,Age:
He,Name:,Ho,,Age:
He,Name:,Ho,,Age:
He,Name:,Ho,,Age:
He,Name:,Ho,,Age:
He,Name:,Ho,,Age:
He,Name:,Ho,,Age:
He,Name:,Ho,,Age:
He,Name:,Ho,,Age:
He,Name:,Ho,,Age:
He,Name:,Ho,,Age:
He,Name:,Ho,,Age:
He,Name:,Ho,,Age:
He,Name:,Ho,,Age:
He,Name:,Ho,,Age:
He,Name:,Ho,,Age:
He,Name:,Ho,,Age:
He,Name:,Ho,,Age:
He,Name:,Ho,,Age:
He,Name:,Ho,,Age:
He,Name:,Ho,,Age:
He,Name:,Ho,,Age:
He,Name:,Ho,,Age:
He,Name:,Ho,,Age:
He,Name:,Ho,,Age:
He,Name:,Ho,,Age:
He,Name:,Ho,,Age:
He,Name:,Ho,,Age:
He,Name:,Ho,,Age:
He,Name:,Ho,,Age:
He,Name:,Ho,,Age:
He,Name:,Ho,,Age:
He,Name:,Ho,,Age:
He,Name:,Ho,,Age:
He,Name:,Ho,,Age:
He,Name:,Ho,,Age:
He,Name:,Ho,,Age:
He,Name:,Ho,,Age:
He,Name:,Ho,,Age:
He,Name:,Ho,,Age:
He,Name:,Ho,,Age:
He,Name:,Ho,,Age:
He,Name:,Ho,,Age:
He,Name:,Ho,,Age:
He,Name:,Ho,,Age:
He,Name:,Ho,,Age:
He,Name:,Ho,,Age:
He,Name:,Ho,,Age:
He,Name:,Ho,,Age:
He,Name:,Ho,,Age:
He,Name:,Ho,,Age:
He,Name:,Ho,,Age:
He,Name:,Ho,,Age:
He,Name:,Ho,,Age:
He,Name:,Ho,,Age:
He,Name:,Ho,,Age:
He,Name:,Ho,,Age:
He,Name:,Ho,,Age:
He,Name:,Ho,,Age:
He,Name:,Ho,,Age:
He,Name:,Ho,,Age:
He,Name:,Ho,,Age:
He,Name:,Ho,,Age:
He,Name:,Ho,,Age:
He,Name:,Ho,,Age:
He,Name:,Ho,,Age:
He,Name:,Ho,,Age:
He,Name:,Ho,,Age:
He,Name:,Ho,,Age:
He,Name:,Ho,,Age:
He,Name:,Ho,,Age:
He,Name:,Ho,,Age:
He,Name:,Ho,,Age:
He,Name:,Ho,,Age:
He,Name:,Ho,,Age:
He,Name:,Ho,,Age:
He,Name:,Ho,,Age:
He,Name:,Ho,,Age:
He,Name:,Ho,,Age:
He,Name:,Ho,,Age:
He,Name:,Ho,,Age:
He,Name:,Ho,,Age:
He,Name:,Ho,,Age:
He,Name:,Ho,,Age:
He,Name:,Ho,,Age:
He,Name:,Ho,,Age:
He,Name:,Ho,,Age:
He,Name:,Ho,,Age:
He,Name:,Ho,,Age:
He,Name:,Ho,,Age:
He,Name:,Ho,,Age:
He,Name:,Ho,,Age:
He,Name:,Ho,,Age:
He,Name:,Ho,,Age:
He,Name:,Ho,,Age:
He,Name:,Ho,,Age:
He,Name:,Ho,,Age:
He,Name:,Ho,,Age:
He,Name:,Ho,,Age:
He,Name:,Ho,,Age:
He,Name:,Ho,,Age:
He,Name:,Ho,,Age:
He,Name:,Ho,,Age:
He,Name:,Ho,,Age:
He,Name:,Ho,,Age:
He,Name:,Ho,,Age:
He,Name:,Ho,,Age:
He,Name:,Ho,,Age:
He,Name:,Ho,,Age:
He,Name:,Ho,,Age:
He,Name:,Ho,,Age:
He,Name:,Ho,,Age:
He,Name:,Ho,,Age:
He,Name:,Ho,,Age:
He,Name:,Ho,,Age:
He,Name:,Ho,,Age:
He,Name:,Ho,,Age:
He,Name:,Ho,,Age:
He,Name:,Ho,,Age:
He,Name:,Ho,,Age:
He,Name:,Ho,,Age:
He,Name:,Ho,,Age:
He,Name:,Ho,,Age:
He,Name:,Ho,,Age:
He,Name:,Ho,,Age:
He,Name:,Ho,,Age:
He,Name:,Ho,,Age:
He,Name:,Ho,,Age:
He,Name:,Ho,,Age:
He,Name:,Ho,,Age:
He,Name:,Ho,,Age:
He,Name:,Ho,,Age:
He,Name:,Ho,,Age:
He,Name:,Ho,,Age:
He,Name:,Ho,,Age:
He,Name:,Ho,,Age:
He,Name:,Ho,,Age:
He,Name:,Ho,,Age:
He,Name:,Ho,,Age:
He,Name:,Ho,,Age:
He,Name:,Ho,,Age:
He,Name:,Ho,,Age:
He,Name:,Ho,,Age:
He,Name:,Ho,,Age:
He,Name:,Ho,,Age:
He,Name:,Ho,,Age:
He,Name:,Ho,,Age:
He,Name:,Ho,,Age:
He,Name:,Ho,,Age:
He,Name:,Ho,,Age:
He,Name:,Ho,,Age:
He,Name:,Ho,,Age:
He,Name:,Ho,,Age:
He,Name:,Ho,,Age:
He,Name:,Ho,,Age:
He,Name:,Ho,,Age:
He,Name:,Ho,,Age:
He,Name:,Ho,,Age:
He,Name:,Ho,,Age:
He,Name:,Ho,,Age:
He,Name:,Ho,,Age:
He,Name:,Ho,,Age:
He,Name:,Ho,,Age:
He,Name:,Ho,,Age:
He,Name:,Ho,,Age:
He,Name:,Ho,,Age:
He,Name:,Ho,,Age:
He,Name:,Ho,,Age:
He,Name:,Ho,,Age:
He,Name:,Ho,,Age:
He,Name:,Ho,,Age:
He,Name:,Ho,,Age:
He,Name:,Ho,,Age:
He,Name:,Ho,,Age:
He,Name:,Ho,,Age:
He,Name:,Ho,,Age:
He,Name:,Ho,,Age:
He,Name:,Ho,,Age:
He,Name:,Ho,,Age:
He,Name:,Ho,,Age:
He,Name:,Ho,,Age:
He,Name:,Ho,,Age:
He,Name:,Ho,,Age:
He,Name:,Ho,,Age:
He,Name:,Ho,,Age:
He,Name:,Ho,,Age:
He,Name:,Ho,,Age:
He,Name:,Ho,,Age:
He,Name:,Ho,,Age:
He,Name:,Ho,,Age:
He,Name:,Ho,,Age:
He,Name:,Ho,,Age:
He,Name:,Ho,,Age:
He,Name:,Ho,,Age:
He,Name:,Ho,,Age:
He,Name:,Ho,,Age:
He,Name:,Ho,,Age:
He,Name:,Ho,,Age:
He,Name:,Ho,,Age:
He,Name:,Ho,,Age:
He,Name:,Ho,,Age:
He,Name:,Ho,,Age:
He,Name:,Ho,,Age:
He,Name:,Ho,,Age:
He,Name:,Ho,,Age:
He,Name:,Ho,,Age:
He,Name:,Ho,,Age:
He,Name:,Ho,,Age:
He,Name:,Ho,,Age:
He,Name:,Ho,,Age:
He,Name:,Ho,,Age:
He,Name:,Ho,,Age:
He,Name:,Ho,,Age:
He,Name:,Ho,,Age:
He,Name:,Ho,,Age:
He,Name:,Ho,,Age:
He,Name:,Ho,,Age:
He,Name:,Ho,,Age:
He,Name:,Ho,,Age:
He,Name:,Ho,,Age:
He,Name:,Ho,,Age:
He,Name:,Ho,,Age:
He,Name:,Ho,,Age:
He,Name:,Ho,,Age:
He,Name:,Ho,,Age:
He,Name:,Ho,,Age:
He,Name:,Ho,,Age:
He,Name:,Ho,,Age:
Ho,Name:,He,,Age:
Ho,Name:,PC,,Age:
Ho,Name:,HC,,Age:
Ho,Name:,PSC,,Age:
Ho,Name:,PC,,Age:
Ho,Name:,PC,,Age:
Ho,Name:,PSC,,Age:
Ho,Name:,HC,,Age:
Ho,Name:,ERR,,Age:
Ho,Name:,PSC,,Age:
Ho,Name:,HC,,Age:
Ho,Name:,HC,,Age:
Ho,Name:,PC,,Age:
Ho,Name:,PC,,Age:
Ho,Name:,PC,,Age:
Ho,Name:,PC,,Age:
Ho,Name:,PSC,,Age:
Ho,Name:,HC,,Age:
Ho,Name:,PSC,,Age:
Ho,Name:,PSC,,Age:
Ho,Name:,PC,,Age:
Ho,Name:,HC,,Age:
Ho,Name:,PC,,Age:
Ho,Name:,HC,,Age:
Ho,Name:,PSC,,Age:
Ho,Name:,PC,,Age:
Ho,Name:,PC,,Age:
Ho,Name:,PC,,Age:
